-0.9171206,0.029119296,0.17979752,-0.005428823,-0.28855854,1.6475656,1.1735327,-0.52514756,-0.02555647,-0.1840481,0.14400534,-0.19012922,0.67172265,0.982934,-0.45628005,-0.017112795,-0.08783422,1.0658299,0.13680647,-1.7163199,-0.51432085,0.2207738,1.2861305,0.07178465,0.24809907,-0.14902936,0.43248987,-0.2793919,-0.2735152,1.2353958,1.2134883,0.15359612,0.3510602,0.15927263,-0.3590332,-0.25585037,-1.5727607,0.16201001,-0.2763969,1.580531,0.65261364,-0.10020942,-0.32685983,0.25219038,0.1492081,0.2647205,-1.1054523,0.28721195,-0.26167488,0.17468515,-0.21496314,0.5061667,1.4414062,-0.28072062,-1.1560402,0.53723997,0.04647273,0.27932397,-0.12475717,-0.046396226,0.2455434,-0.08192672,-0.27738777,-1.0275751,0.029768478,-0.5949034,-0.073483355,-0.8612104,-0.25187942,0.04520658,-0.12796843,0.7156021,-0.00079395925,1.3121827,0.8207461,-0.8571379,0.65410066,-0.27467802,-0.8627083,0.04372729,1.270942,0.05415025,-0.54379714,-0.49304682,0.6372802,-0.39222008,0.70376796,0.020582514,0.8085069,0.158103,-0.6810171,0.04160243,0.40151718,1.1358393,0.21616003,0.399399,0.58214104,0.3373036,-0.017762309,0.11463795
1.0932773,0.08314521,-0.08097987,-0.13281283,-0.91567934,0.22700235,0.6050051,1.8106718,0.019226281,-0.020303158,-0.014006278,-0.1427686,0.8172962,-0.22727768,-0.9633072,1.0366329,0.26418144,-0.69573134,-0.27017567,-0.4838993,0.15153633,0.23563932,-1.1304115,-0.088494174,0.09489891,-0.49560192,0.75720614,-0.83481663,0.71526057,-1.0657592,-0.11282434,0.16758089,-0.5865112,1.128364,-0.2812959,0.002931051,-0.8314315,-1.2552617,-0.20911765,-0.23272224,-0.9606538,0.39032072,-0.6603227,-2.2875302,0.115230694,-0.043302003,-0.75376076,-0.5191707,0.3081975,1.3481504,0.019784957,-0.6370838,-3.0172608,0.30309445,-0.113824286,-0.16239871,0.044075694,-0.31791416,-0.021014595,0.3171152,-0.90955555,0.06292887,1.0649658,-0.03312324,0.115762874,1.1036588,-0.34423545,1.534862,0.09685449,0.9300452,0.33295777,-0.08608545,-3.5562537,-1.4785979,0.3926208,1.5380311,0.22652376,1.1667838,-0.1624419,0.3610887,0.37402526,-0.10528401,0.69066995,1.534688,1.2885187,2.147219,-0.6415364,-0.117717355,0.9397176,-0.6656596,0.06918613,-0.29122806,-0.309168,-0.17388552,-0.511389,0.81393415,0.65972537,-0.26048797,-0.06652049,-0.22950865
2.035656,0.25916758,-0.04438727,0.26298314,-1.040687,0.7448648,-0.26252937,1.0366802,0.02580717,0.0621495,-0.5607734,-0.03083958,0.020016681,1.1744696,0.81351054,-0.31297082,-0.05269187,-0.5918325,0.2658972,-0.3517263,0.70096236,0.09382391,0.15447554,0.14406562,-0.15743485,0.04051336,-0.046056617,0.5118201,0.03208933,-1.5008082,-0.15839654,-0.119332306,0.13563485,0.58946246,-0.34261876,-0.35292295,-0.32906386,-0.23505224,-0.5309569,1.0302795,-2.0173666,-0.21797952,-0.04233131,-1.370831,0.10318653,-0.15164497,0.46137077,0.20251703,0.13502851,-0.9409202,-0.14128762,0.18852079,-1.1716446,-0.35004133,0.5829763,0.42063653,0.10508412,0.15536828,-0.4124466,-0.26786634,0.20514376,-0.21858321,-0.6653327,0.27582163,0.04635048,0.487256,0.37465504,2.3508103,-0.19730243,-0.18951195,0.2412898,0.03273211,0.19332343,-0.16663744,-1.0336787,-1.085129,-0.3130011,-0.8525905,0.14673257,-0.23751695,1.0944004,0.3112639,-0.25082982,-0.5303504,-0.6519184,-1.5389297,0.38802135,0.4625084,0.25611165,-0.41497284,0.16897783,-0.005950102,0.25533384,-0.29674232,0.17781578,-0.2709147,-0.10174608,-1.0385692,-0.31793556,0.25558823
0.9643593,0.10501379,0.07066839,0.14195703,0.85934585,0.30798757,-0.71574086,1.7641643,0.16095361,-0.059307735,-0.1729655,-0.04450251,-0.7380005,-0.17030707,-0.49671787,-0.93171155,-0.13222854,0.048957173,0.31732154,-0.37952757,0.39473054,0.1853265,-0.55593705,0.30480933,-0.0658571,-0.0006057818,0.34387416,-0.15868294,-1.065923,-1.2175115,-0.3598169,0.024106555,0.9037147,0.6570451,1.1954087,-0.1270698,0.15329581,-0.84543586,0.008162515,1.8848622,0.56170523,-0.2861526,0.172704,-1.5338297,0.16912627,-0.005392867,0.17903697,0.27490345,-0.1218617,0.9890612,0.057805516,-0.040968224,0.63371134,-0.20477523,-0.49016598,0.18419151,0.090684555,0.16829821,-0.19242923,-0.24646026,0.37233317,-0.2503536,-0.06564191,-0.219611,-0.33871314,-0.29571128,0.23599668,0.63758296,-0.22443697,0.85117525,-0.41730943,0.13130443,-0.36779293,-0.3645017,-0.07222512,0.25817597,0.6182324,0.2424367,1.5088257,-0.12675068,-0.5598052,0.06954632,-0.15712361,-0.6647482,-0.17251208,1.4239156,0.25132328,0.69874847,-0.43488455,0.027245142,-0.062389463,-0.1474006,0.07872863,-0.4803558,0.15987489,-1.2837396,-0.07273665,-1.5528456,-0.30686125,-0.102376536
1.6108017,-0.11571004,0.24214673,-0.0791248,-0.5984521,1.5562418,0.9699967,1.9736152,-0.020514872,-0.26303428,0.21509683,-0.051999733,-0.13420962,0.36192355,0.040952507,-0.26820603,-0.21329026,0.40219802,0.25399488,0.5363834,0.69417024,-0.31579933,-0.34836596,-0.01139971,0.35905626,-0.19823581,0.48364544,-0.050064318,-1.149097,-1.1848582,0.4316577,0.1490357,0.49910435,0.88099223,-0.039539028,-0.13742994,-1.0481998,0.9384077,0.3393499,0.17940164,-1.4533397,-0.20777321,0.006177939,-1.096278,0.2799906,0.3445264,0.270952,-0.8224438,0.12635876,-0.29249302,-0.11254979,0.29344004,-0.5421003,-0.12943174,-0.35406643,0.17106432,0.1369702,0.32260853,-0.029591212,-0.21121478,0.16110751,-0.1877914,0.32796106,-0.63916004,0.7074385,-0.60585546,-0.021844527,0.024562202,0.08827954,-0.20369111,-0.1748479,-0.82058376,0.37235424,1.158317,1.0239705,-1.1248599,1.3362415,1.0486755,-1.0046693,-0.10137773,1.6447989,-0.06588377,-0.79664487,-0.11866883,-0.01549151,1.1870457,0.27061057,0.41873103,-0.11824748,0.24740969,0.485928,0.030114906,0.25437945,0.45161197,0.100240685,-0.60966843,-0.4449295,-0.22064526,-0.07245507,0.06650507
0.8836654,-0.08730157,0.0893515,-0.12178487,0.0063119736,-0.8190084,0.01179482,0.84109616,0.08703423,-0.1127368,-0.4161262,-0.037307102,0.20362897,0.16653597,-0.42643288,-0.21044745,0.112006046,-0.3351962,0.14180264,-0.33034632,0.37616804,-0.09462354,-0.32512933,-0.0655234,-0.29467285,-0.1725985,-0.38138187,-0.00435218,0.00841762,0.028743891,-0.1049507,0.13571295,0.22483937,-0.97337174,-0.49473304,-0.20053722,-0.28322497,0.1725608,-0.0965202,0.58738214,-0.46504167,0.115497336,0.13480847,-0.7304871,-0.084152855,-0.22818434,0.20585813,0.16725971,0.011419019,0.0045254524,-0.06002466,-0.12571122,-0.60956687,-0.21995123,0.54955137,0.12351016,0.07872356,-0.095090054,-0.13135767,-0.13560657,-0.10490101,0.114427805,-0.23390998,-0.79748136,-0.14266063,-1.0137289,0.14343163,-0.01274225,0.050876476,0.04252176,0.09246852,0.013900177,1.5413041,0.4303122,0.50948167,0.022350525,0.03396105,-0.71417594,0.22261421,-0.12992384,0.89892644,0.009498513,0.1026039,0.18001926,-0.04214134,-0.14950143,0.09475507,0.37083688,0.25352192,-0.180727,0.18427756,-0.09927474,0.061289705,-0.023472318,-0.16494076,0.44136354,-0.2015033,-0.6917934,-0.114510246,0.044887345
1.1817604,0.30045572,0.1326561,0.043131437,0.0069097024,0.1895681,0.4502596,0.12627883,0.1904191,-0.033280928,0.003179265,-0.3448806,0.18863367,0.35407498,-0.0074847303,0.02370278,0.06594958,0.32283327,-0.03446885,-0.58783144,0.10791296,-0.18601102,0.16864353,-0.0035750333,0.20371038,-0.07884978,0.26213095,-0.12469343,1.1955122,0.5882901,-0.45897573,0.27530417,0.39218104,-0.061130248,0.088555016,-0.10614631,-0.42818984,-0.18488175,-0.28053215,1.0867455,-1.302516,0.004465785,0.06653544,-0.39822313,-0.061448917,0.079654,0.18550783,0.4128023,0.04556365,0.693449,-0.29424858,-0.17348447,-0.036225453,-0.08375187,-0.20842823,0.08783905,0.26302272,-0.00018504423,-0.0826101,-0.00993111,0.34515443,0.044699453,-0.13101742,-0.2216117,0.04080679,-0.16969277,0.104075395,-0.015267794,0.0028264874,0.042704817,-0.06959517,0.28533804,1.9904522,-0.06328999,-0.005856435,-0.101248674,0.22801407,-0.038831696,0.47499362,0.1657235,0.37754506,0.06792139,0.35828978,0.57888037,0.69191104,0.82165045,0.33463982,0.09107384,-0.3217927,0.095316425,-0.27978578,-0.09860653,0.13116604,-0.04629931,-0.09413076,-0.0415662,0.057016455,-0.3282538,0.04569605,-0.23450993
1.8415985,0.022004206,0.037448954,-0.17618829,0.4473882,0.016061768,-0.31491295,0.37439623,0.17134106,0.042638153,-0.25576773,-0.16718984,1.1612662,0.48250625,0.17155868,-0.027463498,-0.054490417,-0.11368858,0.03918562,-0.4290867,0.40536764,0.31756476,-0.05931554,0.22193556,-0.13354585,-0.046897985,0.14638864,-0.47496364,1.5624917,-0.4211453,0.23990378,0.20816074,0.0026913541,-0.16947389,-0.037110478,-0.073538445,-0.6248297,-0.2987813,0.1296502,0.8735879,-0.8612502,-0.15390915,0.02757638,0.23604769,0.20891719,-0.003693635,0.07809543,-0.83044076,0.18724635,-0.5964933,0.013456363,0.22186795,0.55412155,0.057954792,-0.20448272,-0.007532063,0.088321395,0.07611116,0.0966292,-0.07212069,0.096668825,-0.020909745,-0.07498283,-0.17976248,-0.4675812,-0.056694046,0.29629457,0.88447756,-0.71664447,-0.08183633,0.06152433,-0.13419177,1.2110099,-0.40825415,0.103593364,-0.39666995,-0.08359525,-0.13086323,-0.33056074,-0.09320248,0.06912894,0.084294245,-0.9102561,0.5806325,0.7052196,-0.91445893,-0.15115862,0.14871597,-0.58988786,0.02671586,-0.08724053,-0.12613967,-0.074661605,0.02177788,-0.43812373,0.122708805,-0.1253385,-0.35750103,-0.29474267,-0.037305884
0.9300515,0.18785803,0.21080638,0.006175776,-0.20521125,-0.112480044,0.06599419,1.2107884,0.23313929,-0.11104934,0.2198897,-0.17591116,-0.072323635,0.09897507,-0.0070469244,0.5096116,-0.04368789,0.05903086,-0.0024729385,-0.96351874,0.026078507,-0.023015268,0.6937775,-0.06612681,0.28332576,-0.0625581,-0.11410169,0.09332134,-0.057826545,0.18055803,-0.0057772934,0.20916346,0.3645175,0.6722119,0.009160522,0.0046743667,0.22538504,0.47531992,-0.123343766,0.7313413,-0.5840715,-0.04615341,0.036581893,-1.0591589,0.036617868,0.25775248,0.06681022,0.12779781,-0.28657967,-0.1558831,0.039529588,0.19167396,-0.41714284,-0.011128196,-0.91637075,0.00067487283,0.22643568,0.066160835,0.013102651,-0.06485964,0.43720216,-0.0065213456,-0.10027453,-0.64389485,-0.10868514,-0.7662317,0.043563936,0.06758883,0.057867408,-0.22027794,-0.0015950021,-0.12943144,2.4537523,0.46522063,-0.2027682,-0.18354012,0.3537368,-0.9907423,0.3060781,0.08657478,0.32033625,-0.13103549,-0.23987481,0.1410244,-0.15677975,-0.16483185,0.14996026,0.5651393,0.3448935,-0.30542636,0.12939823,-0.16750643,0.012171274,-0.512281,-0.0688046,0.2676992,-0.06655893,-0.08353823,-0.10568919,-0.18463928
0.9789883,0.2465947,0.07091167,0.13508567,0.95204055,-0.51088005,0.15720811,-0.4496582,0.1999907,-0.06405805,-0.23800904,-0.18375841,0.10124255,0.107555255,-0.13545166,-0.8796807,0.019770663,0.2246058,0.3602907,-1.4193512,-0.08100457,0.051646166,-0.5731321,0.047011472,-0.052200794,0.0061138086,-0.36394462,0.10828561,0.016777579,0.08432314,0.0063781487,0.014296746,0.5375932,0.37061825,-0.22331756,-0.14628932,0.18877107,-0.88113844,-0.2445599,0.5953264,-0.45666453,-0.14676991,0.11350257,1.4026685,-0.0011526424,0.023136005,0.16277395,0.19793539,-0.095417164,-0.03854232,-0.099951886,-0.064619124,-1.3959162,-0.07002201,0.2743478,0.16595699,0.21971749,0.025901161,-0.17830677,-0.13100587,0.43028024,-0.1175248,0.12874803,0.11075273,-0.17332925,-0.38395816,0.23335333,0.022144945,-0.0351279,0.8790708,0.10589264,-0.13474086,0.46474645,-1.3080491,-0.03516474,0.0047399155,-1.408885,0.2697521,0.29376766,-0.016667828,-0.63718975,0.03222641,-0.12784381,0.062342383,-0.06374273,-0.052379046,0.2341409,0.044305813,0.28770268,0.0018983871,-0.0051751444,-0.15644217,0.07678353,1.7751546,0.031683166,1.1289482,0.087058336,-0.14748706,-0.1500174,-0.10781915
2.1309304,0.21079728,0.36976162,0.086644195,0.75639844,-0.6522284,0.041994296,0.27145532,0.2751327,-0.16076186,-0.02408306,-0.14887902,0.16406024,1.0338106,0.42193398,-0.9804961,-0.05094735,-0.9929461,-0.010055551,-0.35365364,0.71770716,-0.013119994,0.06630601,-0.43562216,0.029160721,-0.11297064,0.2578224,0.39564916,-1.04491,0.6940977,-0.043157354,0.51642555,0.49217173,-0.30240875,-0.6893953,-0.037860036,-0.6658408,0.8705889,-0.6937414,1.3545645,-0.32441622,-0.13586777,-0.068111226,0.31975555,-0.0011414259,0.13454905,0.20245513,0.1731105,-0.3269523,-0.7846191,-0.08948824,0.34794667,0.45115852,-0.8152353,-0.332436,-0.0032325499,0.10455848,0.21393706,-0.040632177,-0.047006305,0.13428816,-0.3189342,-1.0105274,-0.6239383,-0.90322423,1.2945534,0.111304685,-0.74984425,-0.021791596,-0.18525562,-0.032506436,-0.14337417,0.35607377,-0.91533655,0.20106395,0.6024782,0.60949796,1.3980237,-0.11111816,-0.024621053,1.1638856,-0.032988824,0.17487751,1.0120403,-0.73347855,-0.8408613,0.4876207,0.25585362,1.356893,-0.715766,0.13243426,-0.2639075,0.20073971,-0.39703235,0.16568513,-0.050067805,-0.24922404,0.1057787,-0.15425746,-0.14373815
-0.14961298,0.21359175,0.13881268,0.07781149,1.123157,-0.55141985,0.15424854,-0.38293067,0.21494341,-0.12231376,-0.25380525,-0.117435105,-0.31146538,0.1462943,0.15606482,-0.9220544,-0.021970667,-0.091749035,0.018285373,-0.12999305,1.2640276,0.16015247,0.8795392,0.20870438,0.11460624,0.016026154,-0.25321266,0.2632872,-0.053019937,0.026159598,-0.005702459,0.16365178,0.3514308,0.61370236,1.1585536,-0.12876943,-0.037713017,0.5395344,-0.21577433,0.4168816,-0.42798582,-0.17494398,0.099101186,0.09237522,0.15226819,0.09342645,0.28883067,0.31847534,-0.057417464,-0.06845431,-0.0976628,0.13239984,0.5622934,-0.028938448,-0.74141943,-0.7832418,0.23005877,0.040108647,-0.13986284,-0.14159922,0.15320984,-0.116541356,1.253527,-2.071106,-0.32650214,1.1782782,0.16114223,0.08229166,-0.036631376,0.047051176,0.026148938,-0.1268851,1.5754578,0.4784739,0.27922854,-0.06138878,0.0867377,-0.7893191,0.28908756,-0.029424997,0.9048796,0.02478945,-0.1428266,0.026514927,-0.10697211,0.020192103,0.23124512,-0.354844,0.24916734,-0.2790019,-0.060860485,-0.20088296,0.036900505,0.3986462,0.08566027,-0.17232215,-0.2556581,-0.3086049,-0.19880703,-0.07515427
1.7353506,0.20689373,0.074845515,0.13179983,0.6305664,0.46917418,0.2052257,0.5402464,0.17209406,-0.049319007,-0.3997297,-0.11677095,0.70414656,0.0972744,0.30318996,-0.44101673,-0.016897157,-0.25694093,-0.10646722,-2.121567,0.5820454,0.19019023,0.5184478,0.06582792,-0.032139808,0.0046803933,-0.30954564,0.1637405,0.027010832,0.070945516,0.03536088,0.04213041,0.26101443,-0.715054,0.44216844,-0.15497369,0.04159463,-1.4526235,-0.16894427,0.4368382,-0.460637,-0.1710481,0.14617585,-1.3161411,0.03536063,-0.019009085,0.19414277,0.23341852,-0.008772175,-0.08366474,-0.081510186,0.34188187,0.531898,-0.086014204,-0.583873,0.17622446,0.2245432,0.06929727,-0.20651631,-0.14732054,0.14007841,-0.13169235,-0.2453329,0.05542537,-0.25516787,-0.6893287,0.2185855,0.1475253,-0.07491662,-1.241038,0.10063306,-0.22673479,1.8537383,0.6000452,0.22381207,0.016619703,-0.051942922,-0.16154866,0.25435165,-0.07260516,0.8209681,0.03740098,-0.083032876,0.10221811,-0.16764602,-0.023269217,0.20917964,-0.18453707,0.2927196,-0.12530582,0.0018801109,-0.13759711,0.10214,0.4585197,0.049435776,-0.16258416,-0.56443995,0.19550517,-0.20176592,-0.18411379
2.1178482,0.25087708,0.21997613,-0.025711976,0.6323828,0.16693324,0.49992105,0.31998485,0.3053744,-0.16926087,-0.15454158,-0.098261476,1.1725571,0.42164743,-0.08711341,-0.13642186,0.006376474,0.09865443,0.1054074,-0.7347512,0.124578595,0.113951586,-0.026982347,0.36728123,0.10716057,0.071767956,0.10520874,0.32496315,-0.8391118,0.3314228,0.088252045,0.31093398,0.30867803,-0.20383397,0.041618593,-0.04012464,-0.50103724,-0.21616806,-0.16274339,0.8928993,-0.23287469,-0.20094246,0.33702534,0.12555939,0.015510702,0.15248889,0.043010965,-0.23077947,-0.18233356,0.1453262,-0.050853558,0.2299855,-0.23051608,0.17000094,-0.15937309,0.072023176,0.1361785,0.08705897,-0.10606636,-0.17592518,0.28627667,-0.13977616,-0.029738387,-0.34477812,-0.23334351,-0.05662875,0.09075677,-1.1653284,0.18474717,-0.17681876,-0.101637825,-0.13233387,2.7118328,0.14145815,-0.018084943,-0.6001312,0.08304419,0.0036518865,0.067548715,-0.011687854,0.15820445,-0.10689771,0.0462222,0.43944874,0.5298691,-0.58222884,0.21725886,0.01898912,1.3538054,0.0065622004,0.64398944,-0.26071307,0.011242079,0.069698796,0.16835308,-0.042812385,-0.09345682,-0.53661793,-0.21876812,-0.17567542
0.52618563,0.20357195,0.04431124,0.19405279,-0.20775287,0.7778092,0.28151873,0.046836637,0.13144653,-0.015580925,-0.4591527,-0.64352757,0.058553644,0.13933311,-0.25831598,-0.49464327,-0.018855551,-0.2475543,-0.11748518,-0.2863062,0.68442214,0.19436193,0.51749015,0.09756046,-0.06756046,0.012029068,-0.36487418,0.14020269,0.07057934,0.07559107,0.04926356,0.063929185,0.012894735,-0.51349574,-0.5780325,-0.23332164,-0.029330095,-0.244081,-0.17686547,0.40404654,-0.4859555,-0.22148648,0.17390442,0.8876403,0.06929013,-0.064645894,0.23577039,0.2711624,0.06543975,-0.000609958,-0.037766922,0.25483176,0.34291485,-0.19412552,0.36211482,0.26400536,0.2074495,0.09461531,-0.27027848,-0.1757706,0.11207033,-0.12344661,0.27077782,-1.0625252,0.2705313,-0.7921286,0.29296505,-0.016791085,-0.06923954,-1.0667095,0.15106823,-0.21712245,1.601199,-1.3682823,-0.5543388,0.07551633,-0.075518385,0.55335015,0.20051903,-0.10274819,-0.014699248,0.09742375,-0.094426155,0.15420155,-0.14189573,0.0517301,0.21151839,0.14212154,0.3406322,-0.2631958,0.04038702,-0.08665301,0.1487497,-0.41868204,-0.19508433,0.77113146,-0.15742159,-0.80186254,-0.22009711,0.02779329
0.67675984,0.2677925,0.18303092,-0.022144804,0.33853912,0.6287532,0.122749165,0.018244436,0.30423895,-0.16263755,-0.15330753,0.18850045,0.10037486,0.10335529,0.05732599,0.6257075,0.092665866,-0.05853884,0.037876967,-0.82061857,0.080533236,0.095245786,0.6645309,0.119012184,0.11383125,0.039517082,-0.24122702,0.16306901,0.00012381317,0.043272514,0.027828641,0.15670028,0.7690079,-0.6830741,0.00077152293,-0.04293036,0.31033716,-1.4293286,-0.31047127,0.5082262,-0.41411772,-0.15656479,0.30809334,0.21877408,-0.04643228,0.15831304,0.019729355,0.2523062,0.019100433,-0.12978873,-0.052243903,0.19516565,0.23027529,0.041041877,-1.0227766,0.04424738,0.30283022,0.074695714,-0.055531114,-0.14305729,0.5444819,-0.11893569,0.016575098,-1.8979795,-0.20372002,-0.51838535,0.109151304,0.05932555,-0.009406119,-0.22970887,-0.07158106,-0.101293415,2.8026257,0.5698171,0.6954094,-0.078265406,0.5411905,-0.75493246,0.16331026,0.02804594,0.5173643,-0.06857881,-0.18586138,0.0100021325,-0.0834238,-0.037876096,0.24063052,-0.01866667,0.25445366,0.12256818,-0.09839385,-0.2515843,0.0024620865,-0.08347735,0.08953475,-0.9608102,0.019711168,-0.3176263,-0.14365183,-0.18895443
-1.0758698,0.19973403,-0.025855266,0.0568881,-0.5255017,0.83925045,0.56770176,-0.11197883,0.05215055,0.0033108736,-0.12687357,-0.22014666,-1.7455789,1.0971736,1.1677479,0.08547117,0.13099222,-0.28652614,-0.094473965,-0.34287965,-0.59305257,-0.10816906,0.48412535,-0.48646584,0.20892721,-0.21607511,0.020809416,0.68608546,-1.8149042,1.5401547,-0.38177472,0.1480023,0.34389096,-1.2672037,0.54813135,-0.11074983,-0.3017328,0.46004352,-0.04894045,1.9522885,-0.9077356,0.09082319,0.7836804,2.2637503,-0.16343991,0.07001136,0.12577893,0.26877266,0.27896836,0.5618971,-0.27270555,-0.00543678,1.1596353,0.3067461,-0.92771983,-0.31348008,0.25925538,-0.07964961,0.2304344,-0.120059796,0.44490713,0.19040875,-0.33960375,-0.8475272,0.0030469077,-0.8260035,0.085380845,-0.089279175,-0.05546201,-0.36095566,-0.11168921,-0.09362648,2.990785,0.930087,-0.21550937,-1.209507,-0.36683887,0.17105529,0.58765376,0.21921445,1.0800723,-0.14848717,0.7991356,0.06095491,0.27945185,-1.604398,-0.20305483,0.23676822,-0.42849323,-0.43564934,0.9384087,0.081486136,-0.11181524,0.28670806,0.120169826,0.08441026,-1.2441082,0.36763155,0.044754744,-0.108932614
0.5372771,0.15331551,0.088057294,-0.03618158,-0.9075797,0.8440142,0.55945855,0.028046945,0.18604921,-0.07698397,-0.26411173,-0.045239586,-0.33533618,-0.59099454,-0.55363953,-0.8541979,-0.09139411,-0.60188717,0.050306417,-1.0955576,0.096590444,0.17941864,0.721166,0.20877069,0.15309942,0.08011375,0.39159694,0.32243237,0.96930194,0.7468366,-0.1986395,0.52259576,0.442545,0.55393636,-0.05535422,-0.25272176,0.4532963,0.5801515,-0.05378343,1.2545553,0.18573797,-0.24219586,-0.013598087,-1.8621907,0.1741105,0.0552684,0.10516686,0.47398123,-0.20078173,-0.7767504,0.03673741,0.10627403,0.6031862,-0.047487203,-1.0876527,0.100459985,0.3412181,0.13113613,-0.09784753,-0.19393028,0.39154556,-0.22875036,0.09264092,-0.32214925,-0.3711043,-0.79355085,0.18497454,-0.76727974,-0.3684315,-0.21861385,-0.18642244,0.0010235346,0.057217497,0.7331808,-0.07512054,-0.40705782,0.5826542,0.44266087,1.3724234,-0.1707507,0.94723314,0.08105654,0.4113018,-1.4014069,0.49169666,-0.8226501,0.12559865,-0.004188223,0.93856597,-1.0893402,-0.30032572,-0.17525975,0.08754627,-0.17306745,0.19011864,0.33392876,0.07472785,-0.19423738,-0.25199577,-0.10965414
0.40183708,0.0958336,0.2565499,0.14020902,1.1374631,-0.73900443,-0.5921645,0.07036949,0.27009442,-0.084068775,-0.31336695,-0.4241587,0.54475784,-0.30877632,-0.223999,-0.32308787,-0.11573424,1.0965457,0.010415603,-0.06956638,0.33683518,0.16879599,1.92925,-0.34498858,0.015675835,0.20193954,-1.0545473,0.28997993,0.2909346,0.82283795,-0.08682861,0.18237196,0.21694897,-0.7235225,-0.06878338,0.09649306,-1.4222407,0.9084191,0.08233294,1.4950229,0.70639735,-0.14626497,0.42556494,0.75923365,0.09921777,-3.28656e-05,0.11105301,0.6514188,-0.5219201,-0.7309206,0.078183964,0.12406968,0.8049959,-0.039239522,-0.9544609,0.27782628,0.03431589,0.164146,0.013774239,-0.113139115,0.59804827,-0.15027954,0.086004704,-0.34026515,-0.32058108,-0.6951971,0.05547784,-0.82171434,0.4477755,0.03839075,0.080794886,0.24024346,1.0674479,0.9317611,0.113039054,0.020653585,0.97130734,0.7445713,0.37800997,-0.011579204,0.6616756,0.05284731,-0.52379996,0.76447946,0.7042892,-0.64403176,0.024182815,0.21533805,-0.8111769,-0.92495656,0.063522205,-0.22753976,0.023830257,0.3052222,0.04076595,1.0145717,-0.029236719,-0.4831559,-0.31229073,-0.45933983
0.8061098,0.19582814,0.16937222,0.045841977,0.86995935,-0.6920418,0.15657505,-0.47846547,0.24700277,-0.13104324,-1.065258,-0.20219523,0.12754273,0.11868411,-0.05257677,-1.0163447,-0.0037876728,0.45347545,-0.092757694,-0.38253936,0.13379371,0.062208805,-0.90561277,0.013845989,0.090354264,-0.05224422,-0.24884021,0.09142548,-0.015909681,0.09772997,0.015060533,0.10078426,0.5041861,-0.9302116,-0.075068906,-0.36289448,-1.0449215,-0.55636567,-0.26457378,0.5169316,-0.3850944,-0.17385812,0.19233567,-0.64522815,0.027316129,0.07782839,0.0654646,0.20350648,0.34653595,-0.056442656,-0.08114716,-0.1341268,0.39841747,-0.027086647,-1.5795193,0.12994851,0.22243309,0.022466516,-0.13063297,-0.13690966,0.17595279,-0.10083568,0.012782673,0.33104175,-0.21789506,-0.28992033,0.12990093,0.04875965,-0.0027893777,-0.39978015,0.0068343207,-0.13177025,0.900672,0.59675545,-0.74108505,-0.04910544,0.87210023,0.28861243,0.2719812,-0.040378105,1.3862834,0.004190215,-0.1523769,0.08302387,-0.113465466,-0.034514558,0.238185,0.036281977,0.23574379,0.31017247,-0.04578007,-0.19801635,0.025790652,2.2427852,0.065481976,0.34349942,0.1399449,-0.21257253,-0.1719136,-0.17436664
0.46807817,0.27316374,-0.021807026,0.22973546,0.8229438,-1.0401965,0.21101467,0.11696675,0.057937197,0.022716751,-0.4129582,-0.124685906,-0.34177205,0.14345647,0.08761187,-0.7558459,0.029986668,-0.16865814,0.012141454,-2.0930345,-0.8305547,-0.06721015,0.7675736,0.16381778,-0.117903136,-0.025427163,-0.30459467,0.13593128,0.0144839445,0.082040414,0.06617725,0.015783027,0.3338422,-0.6369431,-0.8445919,-0.22190773,-0.06836773,-0.7658819,-0.23061377,0.38244468,-0.4402295,-0.11318027,0.22814445,-0.020584416,-0.0032778976,-0.03970668,0.23602729,0.20506,-0.002113,-0.042753324,-0.079615094,0.24311617,0.41423148,-0.13949311,-0.61193824,0.497467,0.2792782,0.026039405,-0.26692617,-0.106183335,0.051641956,-0.079004124,-0.4085251,0.49563214,-0.21384746,0.7680922,0.24752432,-0.014782999,-0.041461285,-0.6455854,0.10973248,-0.11086539,1.6356063,0.21479589,0.25546363,0.03927963,0.113103844,-0.019026235,0.21934,0.084295146,0.4883031,0.144527,-0.114295125,0.07136444,-0.03231076,0.03301944,0.24626075,-0.49697822,0.27182996,-0.3531479,0.0069472324,0.013540384,0.17315951,0.9318529,0.06901945,-0.33588657,-0.054503314,0.14884068,-0.15027077,0.08942695
0.4857621,0.12872815,0.17632368,-0.085319504,0.79782903,1.3821852,0.063353725,-0.21313639,0.39405388,-0.27347276,-0.22588322,0.054154452,0.8443028,0.17539065,-0.17355862,1.066852,-0.0800949,0.08656686,-0.05977493,-1.55084,0.2919234,-0.08620129,0.70956725,0.10259093,0.17897083,0.07444486,-0.27682954,0.18411776,0.023533724,-0.024996147,0.10423682,0.16281927,0.37175852,-0.8515928,0.24498457,0.11095173,0.057372183,0.9871191,-0.14518191,0.5695726,-0.45072007,-0.24477465,-0.13051932,-0.111818574,-0.059437715,0.20389438,0.032253638,0.25531903,-0.22594143,-0.058930065,0.031140257,-0.21329917,0.25254783,0.099664874,-1.1986108,0.07200225,0.16285068,0.14242852,0.012997862,-0.18991894,-0.029523477,-0.19535284,-0.16131702,0.47335598,-0.23679927,-1.0318366,0.070208564,0.037861355,-0.12822977,-0.8201171,-0.08782851,-0.06165057,2.1615987,0.6417017,0.6282955,-0.025044406,-0.5746171,-1.0329076,0.38753283,-0.13659574,0.8853962,-0.13182183,-0.21172275,0.095865615,0.07413973,-0.047770005,0.14136943,0.17401908,0.26454934,0.19656806,-0.1145357,-0.31311315,-0.11186353,0.9554732,0.039826978,0.5361632,-0.7053025,-0.14398897,-0.24325281,-0.20167007
1.4038202,-0.032115355,-0.40625596,-0.79802024,0.17443717,0.97019154,-0.13156614,0.14121565,0.6954498,-0.47225648,0.16832006,-0.022824466,0.5787715,-0.3629967,0.2277926,0.09673805,0.39129913,0.3444185,0.7114355,-0.73686755,-0.41744214,-0.9402925,0.18155456,-0.27536613,0.10073862,0.52919626,-0.08868323,-0.1899863,-0.20776671,0.6101855,0.44795933,-0.79165906,0.363155,-0.61645895,-0.5073364,0.5661955,-0.19470504,0.23920172,0.09377746,0.5342704,0.26439944,0.3895909,0.09288203,-0.55206287,0.24811973,-0.5632079,-0.71811557,-0.4951704,-0.5615984,-0.25914034,0.404842,0.035891246,0.19927344,-0.9241214,-0.4868682,-0.09755514,0.11442087,-1.0446069,0.4396221,-0.25394225,0.12299118,-0.6288347,-0.43310332,0.067773536,0.25409386,0.32974654,0.65283513,-0.084069006,0.76197195,0.45502245,-0.23335455,0.27341244,1.1202459,-0.6266762,-0.59700686,0.50515604,-0.31866455,0.3830529,0.3312157,-0.3794622,0.55908656,0.7691835,-0.12313601,0.7826648,0.18722717,0.48529705,-0.35093346,0.5831516,-0.15218243,0.54585654,0.45169175,-0.07988395,0.88073707,-0.18809652,0.62656116,-0.5290461,-0.7518755,-0.27841002,0.17699894,-0.5491988
-0.9269466,-0.14326812,0.43986323,-0.5155959,1.4029381,-0.2621,0.037962787,0.40167084,0.10871982,-0.20293832,0.2406072,0.38298878,0.701466,0.41374242,1.0138689,-0.09886076,0.08625793,-1.0703535,-0.1917094,-0.7182957,-0.8839952,-0.11568051,0.6948176,0.24659565,-0.19560084,0.22346766,-2.0793643,0.22422683,-1.2103325,-1.0950639,-0.34308138,-0.4363568,-0.05213273,1.7403867,-0.31449285,0.708049,-0.9443545,-0.36712116,-0.1440619,-1.4352894,2.435346,-0.11769411,0.29053232,2.4457166,-0.048928797,-0.1838767,0.68754506,-0.16232674,-0.8121868,-0.9348876,-0.15089971,-0.33710912,1.2937104,-0.58013487,-0.6238672,0.06307394,-0.12653045,-0.2183593,0.1590507,-0.008110516,-0.17426239,0.06747181,-1.4260695,1.3362709,0.16590506,-1.2296904,-0.15233046,-1.6393288,0.18775214,-0.710591,-0.15993682,0.9984979,0.040531952,1.6729393,0.04397077,0.1077632,-0.4616816,1.572841,1.403382,-0.026337987,-1.5902607,-0.08268045,-0.7664341,1.4183054,0.040801782,1.3323678,0.15623078,-0.37059686,0.7165737,1.0649915,0.41347483,-0.19660807,-0.3411882,-0.7060272,-0.5281539,-0.48654273,-0.4594627,-0.8954235,0.01543957,0.57093346
0.5014639,0.22888494,0.06594131,0.03949648,0.4280764,-0.16092514,1.6661085,-0.08500496,0.21094722,-0.02300101,-0.32259288,-0.099832594,-0.64361197,0.009455784,-0.55133754,-0.4661908,0.033519406,-1.314147,0.013598548,-0.77647734,-1.064797,0.1321438,0.17317103,0.056617208,-0.11894805,-0.046991948,0.28768328,0.8429904,0.81235844,1.2655102,0.36969167,0.8831302,0.2625342,-1.1122125,-0.27247933,-0.15234977,0.06742693,-0.4573578,0.16615944,0.24948157,-1.7750736,-0.1535239,0.45314166,-2.28362,0.005389982,0.09887244,-0.7599393,0.03605371,-0.037342165,0.6740636,-0.11554577,0.13356568,1.512447,0.018589692,-0.7169482,0.28738296,0.45892793,0.062532,-0.16694504,-0.12379008,0.2393979,-0.09403219,-0.21258557,0.060620088,-0.5359631,-0.9202645,0.15943448,1.3334104,0.07922738,0.22406635,-0.0877605,0.24224125,-0.027475871,-0.7765883,-0.6016486,0.65693563,-0.9636117,-0.6962869,-0.30710092,-0.07543298,1.33313,0.10525466,-0.97792405,-1.5471313,-0.4243195,-1.5812135,0.8111041,0.3448249,0.17879738,-0.2982684,0.31988776,-0.175891,0.09717904,1.2184498,-0.09438845,-0.14431043,0.59050447,0.08703769,-0.13879943,-0.27065584
-1.2250786,-0.4946222,0.06411622,-0.04254114,-2.1121051,1.601311,0.24410611,-1.1345271,-0.25717092,-0.07962141,0.4451695,0.6627505,0.19662312,-0.7998698,0.46342736,-0.8867888,-0.22989327,0.024465837,0.41158938,1.1571287,0.007926614,-1.1852736,0.18980253,-0.0031333626,0.4232636,-0.5799611,1.5787344,0.43048564,0.054888614,0.07949313,1.2918911,0.53238976,0.32027167,0.63825685,-0.068479426,-0.4389837,-0.051513363,1.400031,-0.74614066,0.4561771,1.3314394,-0.13939998,0.39730334,-0.3194466,0.23657595,0.22736287,-0.29032058,0.3859131,0.31159505,-0.5316338,0.014414608,0.024445202,0.6809143,0.2211529,0.2811786,0.0004026671,-0.23408265,0.35596025,-0.2248168,-0.19260912,-0.2928387,-0.10814209,0.05155295,-0.10393685,0.20081751,1.4303386,-0.15390946,0.6837397,-0.11186611,0.3725311,0.08270679,0.15978399,-1.3858209,-0.86994475,0.4597422,1.1852086,0.9365039,-1.4327891,0.44307214,-0.3698642,0.35967916,-0.2303456,0.30824,2.3779113,-0.10986617,-0.71908116,-0.33007678,0.17757118,-0.87299204,1.2983931,0.22769138,0.10879864,0.009744755,-0.63700455,0.021154083,0.0053624017,0.22613929,-0.16008694,-0.14830647,-0.5722526
-1.6930003,-0.19311269,0.42066133,-0.34715194,-1.4654031,0.5447599,0.8089275,0.08942746,-0.0064461506,-0.52890366,0.2815529,0.26581934,0.43726537,1.1967682,1.2957692,0.9239387,-0.29444805,-1.0157996,0.00755462,-0.8917013,-0.91626406,0.26884162,2.4715571,0.14136606,0.37474683,0.0983375,0.706965,0.6149166,-0.41910264,0.5342641,-0.22061521,-0.14935753,-0.3537974,1.2509701,1.540022,0.61075777,2.1814835,0.45861754,-1.2690294,-1.8767768,0.8733775,-0.2730703,-0.7586726,-0.6569717,0.12970291,0.40170133,-0.56476194,-0.46543828,-0.26152256,-0.92034966,-0.061873004,0.020027919,-1.9458638,0.09573328,0.2968248,-0.17417134,0.2314664,0.17845383,-0.00022535428,-0.09124766,-0.020554384,-0.21382679,0.0053141224,0.25064242,-0.7842094,-0.772177,-0.13753498,0.19509405,-0.7792954,0.5804265,-0.8252169,-0.38977805,-0.1789944,-0.28223747,0.22897314,0.31666577,-1.3212808,-0.15715785,-0.7337513,-0.19055735,-0.70909864,-0.10158972,0.88970286,1.72603,-0.77564406,-1.9963644,0.89764106,-0.43244335,0.16976643,-0.30979717,0.084258184,-0.30822223,0.04624716,0.18314263,0.53553486,-1.1479436,-0.7200097,0.6272426,0.23356561,-0.40370923
-1.3048772,0.14323659,0.29727298,0.007831494,-0.16655464,0.8457947,-0.51890725,-0.80156904,0.25941497,-0.0966083,-0.5688711,0.060712088,-0.41936633,-0.45090184,0.4272097,0.58416253,0.17790706,0.31262037,0.79166645,0.28715223,0.27436405,0.2622976,-1.8021324,-0.26290125,-0.30614075,-0.59339964,1.4093368,0.10568779,0.6499164,-2.5605996,0.71698064,0.076938875,-0.9816568,1.2288474,0.25207502,0.34735894,-1.7776064,-2.6777105,0.6698358,-1.5587771,0.48362446,0.10027517,-0.044302784,2.1640685,-0.018581742,-0.1200083,0.45261836,-0.07163089,0.05855239,1.4581584,-0.07593119,-0.35446233,1.1950654,-0.65824693,1.159126,-0.05885124,0.23243402,-0.14232711,-0.08830172,-0.0109358635,-0.2859223,0.06784949,1.710165,0.24748862,1.2019994,1.3706319,-0.08871561,0.7994981,0.41200778,0.13064079,0.49902052,0.63113904,1.3212235,-0.91458064,0.991475,0.31967172,0.15554318,-0.6878508,-0.995666,0.10817942,-1.9919593,-0.1696507,-1.0978525,0.6542709,-0.1950499,1.4687918,-0.2699717,-0.64589614,-0.3965409,0.8560203,-1.5051934,-0.12795389,-0.32436374,0.46920973,0.60522074,-1.0000861,0.0530947,-0.16706689,-0.04482306,0.20262286
-0.93601155,0.15792806,0.0144202495,-0.18641184,0.48873523,0.41773644,-0.8156767,0.15792638,-0.02261356,-0.06296494,-0.19670281,1.3573179,-0.58334535,-1.167269,-0.6569024,0.6446716,-0.08579264,-1.1069993,0.22110385,-0.7574977,-0.64954734,0.34930217,-0.0179256,0.087604344,0.14193672,1.0707449,-0.9558727,-0.15316331,-2.0628173,1.1186234,0.37240443,-1.0777891,-0.45321167,-0.5706023,-0.025136631,-0.53160155,1.1853485,2.280708,-0.40556416,0.21834427,0.40361547,0.035572253,-0.9141884,-1.3971139,0.010906876,0.07933387,0.113150045,0.3801213,-0.17748888,-0.6800411,-0.16261487,-0.39625528,1.1974833,-0.63957787,0.28908944,0.32835066,0.20875771,0.059119675,0.5968046,-0.14312756,0.3010129,0.002635462,-1.0067573,1.3955312,1.2594979,0.6712622,0.05942122,-0.29066986,0.78821224,0.023033615,-0.52730626,0.36644617,0.36044568,-1.2018609,0.6387988,0.7029624,-1.5655224,1.0109863,0.23612258,-0.23152728,0.34628183,-0.12773247,-0.42351064,-0.6173967,0.4168592,0.25622854,-0.27949238,-0.2712807,0.04384073,-0.4341526,-0.671105,0.027245397,0.295609,0.6774752,0.49276596,0.96671695,-0.47376773,-0.6257294,-0.33102062,0.35393292
0.51286155,-0.41859588,0.16484153,-0.2598911,-0.6599956,0.25922722,0.54932207,-0.8245013,-0.055755217,-0.029568117,0.53031766,0.19216166,-0.4047208,-0.2223876,-0.7545922,-0.10312435,-0.1864978,0.5767484,0.14157006,-1.6877947,0.097195275,-0.5515401,0.45529392,0.07274513,0.4399977,-0.3179849,-0.13115537,-0.43166482,0.09746474,-0.8558937,0.08937878,0.20370413,-1.268429,0.37553364,0.006226459,-0.6947602,-0.35192582,0.06255134,0.5582051,1.1373519,-0.16276015,-0.16660286,-0.34251633,-2.768388,0.43489668,0.072713785,0.8259607,-0.16381374,0.24117878,-0.8162221,-0.079607114,-0.1403607,-0.3330246,-0.050364945,0.6747792,-0.534392,-0.008582946,0.17613195,-0.059551943,-0.11146999,0.14781067,-0.16750203,-0.17138119,-0.4940664,-0.2679883,-1.0005169,-0.1511808,-0.6265049,-0.11183952,0.32380813,-0.028672196,0.46703,2.3582115,0.0059548197,1.1295584,0.35844326,-1.317808,-0.9096391,-0.32352978,-0.065367505,0.31506664,-0.27375793,0.1452106,1.0578882,-0.14022198,-2.5797942,-0.21533805,0.102790855,-0.14594166,0.09218386,-0.747857,-0.03948088,0.025508996,1.0184014,0.047061965,0.029771015,1.4789565,0.5698146,-0.2611492,0.06548639
-0.5895686,-0.18424581,-0.12575078,0.0122513315,-0.6072318,-1.5179282,0.1329299,0.38894215,-0.1409977,0.045300238,-0.24832231,-0.17427441,-0.43012974,-0.3830794,-0.45189497,0.82117593,-0.18845113,0.5826711,0.3325939,-1.1592665,-0.055167545,-0.29128525,-1.8905044,-0.21861632,-0.02334878,-0.28751522,-0.5700503,0.21772,2.310309,-0.53699243,0.1658155,-0.23698512,-0.35729983,-1.1366618,0.43733302,0.19827375,0.90810084,0.8384274,-0.5675248,-0.08033882,-0.39244273,-0.12539005,0.45044443,3.020686,0.15511158,-0.011187044,0.4611344,0.6458846,0.8761676,-1.7480456,-0.10577206,0.6522473,-0.8911458,0.9473223,-0.052465,0.15167733,0.18134834,0.098081954,0.240324,0.058108065,-0.405651,0.100464076,-0.18551569,0.27445644,-0.120914236,-1.8858564,0.04392192,-1.2319207,0.07834474,-0.22238888,0.83689445,0.18085057,-1.5598335,1.0138228,0.82181495,-0.60493904,0.28325254,1.2181133,-0.23040812,-0.07731891,0.86744165,-0.26617447,0.054423284,0.7022037,-0.3235157,1.0205436,0.6354367,-0.68121564,-1.3945967,0.42989478,1.5605603,0.42532775,0.16987625,1.2609426,-0.24353541,0.77147204,0.9866767,1.7692833,0.19641876,-0.34157923
-1.7669994,-0.116712116,0.20818305,-0.29869848,0.9796207,-0.1828214,0.88690937,-1.4536536,0.14814417,-0.120664544,-0.228513,0.10452444,0.48859248,0.4994765,-0.20340072,0.71367717,-0.07349391,0.5531536,0.33408278,1.0063411,0.9309509,-0.33589348,-1.5348898,-0.4750334,-0.109385446,0.65235156,-1.5816239,0.009557566,-0.6328364,-1.1177638,0.36692914,-0.59785175,0.43515825,1.8019475,0.48381346,0.3001414,-1.883102,-1.2175566,0.052330278,0.3808148,-0.92569184,0.067666546,0.43939403,-1.6810291,-0.09111117,-0.32377073,0.055482082,-0.24873522,0.53700083,-1.8441937,-0.043748423,-0.52128464,1.4259614,0.6156047,-1.9341469,-1.2466677,-0.39572352,0.12103986,-0.027932666,-0.15983984,0.09374764,0.1489875,0.6135105,-0.85950434,0.1897028,-0.12990803,-0.08170112,1.5027586,-0.4450227,-0.8636636,-0.72942096,0.6589333,-0.1415845,1.2431184,-0.77333075,-0.5841981,-0.043000672,0.07267432,-1.2394466,-0.24924463,1.4347492,-0.029402254,0.35261816,-0.78582346,0.9118322,0.7768267,0.15641282,0.5031138,0.32869855,-0.1804678,0.4102661,0.08990744,-0.16560471,-0.83299196,0.03660436,0.43933845,0.7370687,-0.08367037,0.13332066,0.34285244
1.4905579,0.17816113,0.1507026,0.09458613,0.657153,-0.28588435,0.18606457,0.36614567,0.22391711,-0.087691195,-0.26236638,-0.10856684,-0.01954902,0.096715674,0.103890926,0.52388376,-0.03362121,-0.34993815,0.030938957,-1.8198706,0.4180836,0.1791614,0.98153627,0.14476089,-0.00834549,0.01016414,-0.40380564,0.25172916,0.074493766,-0.023044597,0.040640403,0.12827758,0.27486724,-0.53521496,0.3920565,-0.15198255,-0.039796017,0.3001431,-0.18964514,0.47649774,-0.4411762,-0.2261319,0.11999515,0.94471645,0.063314304,0.029015582,0.14430016,0.27947873,-0.0021806944,0.01175306,-0.030264959,0.25123057,0.3224201,-0.079011984,-0.7511598,0.21264395,0.18955481,0.06383767,-0.18678644,-0.17212844,0.16422805,-0.1429009,-0.21679203,-0.11790513,-0.26214054,1.2516301,0.21199642,0.017779725,-0.07281678,0.16056445,0.120872,-0.11250529,1.6194446,-0.67012906,0.07535758,0.012285347,-0.038426723,-0.5296283,0.24069923,-0.10525983,1.4015559,0.05578517,-0.14096466,0.0897015,0.00357989,0.07813202,0.23218553,0.14883593,0.31910995,-0.24922782,-0.011451656,-0.16670996,0.11149697,-0.09333485,0.09329438,-0.15239727,0.35163528,-1.3771218,-0.22070745,0.07830173
1.3623174,0.1850237,0.42380252,-0.18625261,0.029509995,-0.3741151,0.7801596,-0.49804556,0.5249436,-0.4083965,0.34767872,-0.20093778,-0.40376645,0.66236067,0.109147854,-0.2951273,-0.10659946,0.5425657,-0.053360652,1.0193756,-0.41281846,0.4000249,1.93601,0.020403089,0.2971837,0.086520426,-1.3620287,0.371177,0.83112013,0.8526198,0.2012885,-0.902055,-0.6480952,-1.9702557,-0.80213046,0.65762204,1.6677835,-0.46708122,-0.13734792,0.93556535,-0.29039398,-0.22198257,-0.5016341,-2.2156723,0.06121021,0.34497032,0.15719716,0.6226223,-0.45185977,0.47067007,-0.05057095,0.44964045,-0.010226515,0.1696753,-0.29039198,0.04397509,0.13113418,0.23537835,0.17657739,-0.20386405,0.40280485,-0.25494814,0.34705713,1.505317,0.8956964,-1.2534035,-0.068745136,0.21710604,-0.39226428,0.22688143,0.07457966,0.1813225,1.3580569,-0.19676135,0.6850821,-0.45337814,-0.7126844,-1.1879643,-0.34363422,-0.08074153,-1.1975788,-0.2692511,0.1191103,0.5070905,-0.52703846,-0.73647755,0.4629133,0.066186786,-0.105158634,0.40193665,0.36883116,-0.45246023,0.04033493,0.33470222,0.05891488,-0.041379403,0.56585604,0.56251144,-0.22201656,-0.69600326
0.036443535,-0.36642617,0.19014852,-0.109852895,1.1751238,1.3008494,-1.4910097,0.95478445,-0.16635425,-0.008865395,-0.29201552,-0.05927189,-0.27700284,0.5644198,-0.2671893,-1.0885214,-0.3124746,1.5016165,-0.41790524,-0.0340347,0.4755454,0.52067286,-0.46838447,-0.2968675,0.4931133,-0.24290514,1.544754,0.9978479,0.7006724,0.46242312,1.1441436,0.5151849,-0.6308588,1.570678,-0.76758283,-0.22105509,0.8240419,1.9104407,0.07276936,0.62453073,0.28956538,0.16596259,0.19907619,-2.458458,0.37819064,0.27807313,0.17168945,0.44436055,0.061103433,-0.80839384,0.054720633,0.24763384,0.45057717,-0.14952612,-0.9984293,-0.15120244,-1.0437828,0.19135574,-0.09738496,-0.34265572,0.43847874,0.15815277,0.16913569,1.8309594,0.31846592,-1.0163561,-0.033770967,-1.7078528,0.32644486,0.28615275,0.44537568,0.574294,-0.08776259,0.02657192,-0.43324628,0.49942082,-0.44335616,0.6183235,-0.89576715,-0.1261445,-0.62917006,-0.06152184,-0.6531739,-1.9016644,-0.5285101,-0.1900042,-0.54191023,0.22403383,-0.8779425,-0.3036561,0.70501417,-0.1245598,0.005962664,-1.5101899,0.15400542,0.38703102,-0.20969653,1.6103874,-0.3347277,-0.24866726
1.2360858,0.065363154,0.074966036,-0.021424074,0.46087858,-1.2791418,-2.0412078,0.91170347,0.34770507,-0.08949291,-0.24999183,0.112426914,0.35532585,-0.348434,-0.4986917,-0.029282497,-0.24214554,-0.24511677,0.26768464,-0.6406303,-0.5267648,-0.56074977,0.064514555,0.17126648,0.015859602,0.0061872853,0.5453355,-0.5441231,0.020298678,0.9954818,-0.30896515,-0.5694606,0.34370348,0.04944612,-0.666248,0.25235295,-1.4920404,0.8304014,0.09110687,-1.2619486,-1.2652588,0.0075681848,0.12288618,-1.3801793,0.15876448,0.10980168,0.11801606,0.43121558,-0.18863347,0.88841903,-0.09536198,-0.054774504,1.0419306,0.1990755,-0.98244846,-0.93035096,-0.13879046,0.09278307,0.33578762,0.012280063,0.46306047,0.03954309,-0.38594005,0.74207014,-1.0872782,1.3738192,-0.11786656,-0.860474,-0.36626273,-0.25268012,-0.10733449,-0.2643676,0.3268282,0.5655849,0.4461445,-0.90792114,0.583873,-2.4668715,-1.3031665,0.060566463,-1.4075785,-0.07351156,1.4202013,-0.3346403,0.057123616,-0.71837825,-0.12755078,-0.18381752,0.09460162,0.45050213,-0.76866645,-0.20620376,-0.07476175,-0.7155631,0.5389989,0.15068758,-0.15635075,0.118370935,-0.28172186,-0.038995374
-0.42514545,-0.18794559,0.41477457,0.103563994,-0.23556995,-0.94988865,0.24112879,0.06756385,-0.123688966,-0.11620158,-0.542122,0.04187161,0.46627295,-0.5760859,-0.48871192,-0.73209006,-0.09238879,0.5420579,-0.17274907,-0.6344089,-1.2607064,0.34378305,1.5369369,-0.27439606,-0.40179983,-0.25011745,-0.028410133,0.42959407,-1.065643,1.0933254,-1.2200148,0.1481604,0.190326,-3.2580314,0.9347968,-0.4249781,-1.3753929,1.3912181,-0.5963185,-0.70904815,-0.6268114,-0.064842455,0.25414878,-1.8294973,-0.2514865,-0.37971747,-0.19753909,-0.35052112,0.058299605,2.0919483,-0.096205704,-0.1664051,-1.2650381,0.017939404,1.1459622,-0.3041688,0.09259402,-0.0030470807,-0.11354656,0.18147634,0.20945898,-0.013666533,1.5830162,-1.2879,0.50054216,-1.3082763,0.04705915,-1.6394124,0.2475996,-0.5290998,-0.4970935,0.73951465,-0.84988517,-0.23221177,-0.24680267,2.0741842,1.1518029,0.7263379,1.1032921,-0.24450131,-2.1828413,0.08330045,1.3448107,-0.8679871,-0.19793834,-1.6507118,-0.1896362,-0.04622485,0.56503016,0.3567911,0.075292945,-0.22350377,0.061917536,0.9735711,0.19570641,-0.15531386,-0.16405772,-0.6647991,0.14127547,-0.29909402
-1.1989158,0.22406738,-0.2830008,0.14326961,-1.2568655,-0.3733892,-0.8597962,-1.368808,0.09279893,0.10329158,0.25229645,-0.53362626,0.2680252,-0.10207666,-0.25099263,-0.07991614,-0.019225808,-1.3163407,-0.075055584,0.43718362,0.9975767,0.2730593,-0.48257008,0.8435652,-0.13461834,0.09824923,-1.7316885,-0.44837415,-0.22332391,-0.90715617,0.025432836,0.037471272,0.76133937,0.3922886,0.7122409,0.27074376,2.754273,-1.0330302,0.2233297,0.09778165,-0.09950544,-0.0262484,-0.22706246,2.3404877,-0.10452398,-0.29872927,-0.7794088,-0.18196319,0.3996846,-0.92634076,0.08785673,0.7141643,0.88029224,-0.61843866,0.5521714,0.2323461,0.23347503,-0.01070795,0.1651748,-0.13827847,0.26806274,-0.015443604,-0.9336565,-0.0060556917,-0.32407463,0.68786854,0.18961872,-0.22543043,0.48157865,0.28763086,-0.011132229,0.85533696,0.6565159,-1.1494125,-1.5060939,-1.1092869,-1.7781721,1.520977,0.9712962,-0.021145066,0.76187146,0.08867204,0.8607989,-1.2853469,0.11784842,-0.20343304,0.9606958,0.514519,1.5550947,-1.2138603,-0.6981554,-0.14662188,-0.053699266,0.71246713,-0.12172727,-0.876532,-0.5114856,-0.060029373,-0.21330032,0.46072212
-0.33293375,0.3209941,0.12625667,0.17948303,1.3044986,0.80926025,-0.17665973,-0.3871545,0.24890122,-0.096428715,0.14485513,-0.06385784,0.54572034,-0.22186457,1.1790136,-1.7253339,0.027997535,-0.35546243,0.74075246,-1.6394185,0.630992,-0.7305835,0.97839177,-0.063839175,0.17089227,-0.5343536,-0.7262259,-0.5366965,1.4746301,1.0652813,-0.020492347,0.6458868,1.3551035,-0.830003,1.337777,0.1305458,1.9812291,-0.33032674,0.036588617,-0.89095265,-0.24488164,0.13018207,-0.08036894,-1.0257454,-0.05042026,0.14381135,-0.029841544,0.61510724,-0.10715532,0.008185215,-0.19952168,0.13577671,2.3532193,0.021024479,1.291963,0.14464283,0.76139706,-0.09766341,-0.08231593,0.08242924,0.68931365,0.1341817,-0.43746847,-0.996758,-0.4470359,-0.094695,0.0728596,-1.4666061,-0.014429565,-0.19639947,0.58638084,-0.860762,0.24459052,0.7936647,-0.6698707,1.2384468,-0.20676999,-0.28941208,-1.082817,0.17611343,0.24481246,0.2112651,0.17466286,-1.927326,0.44054684,0.1681452,0.5450058,0.66790736,-0.65690666,-0.3423946,0.9153465,-0.1902723,0.095822886,-0.34099987,-0.2797952,-0.078577705,-0.7034493,0.2966648,-0.06249734,-1.4916021
1.5121018,0.19871725,-0.045722507,0.41161966,0.55945307,0.85206616,0.2522081,-0.4123158,0.03527366,0.067249574,0.6395684,-0.11984199,0.15978491,0.14971592,0.10476332,-0.16297059,-0.03419873,-0.4198109,0.0014060567,-1.7267302,-0.29814485,0.116308324,0.3711402,0.099617526,-0.15126637,0.05451331,-0.39882782,0.17731068,0.10589326,0.034878124,0.052131422,-0.01767474,0.28643757,0.13395153,0.40441537,-0.2892151,-0.044515997,-0.9928075,-0.15614063,0.2423133,-0.5283135,-0.15135309,0.2450193,0.31678024,0.038012356,-0.051421035,0.474217,0.23056297,0.06860586,0.04701769,-0.060422517,0.15334329,0.40430456,-0.14955764,-0.0053996765,0.2617221,0.19181271,0.04746629,-0.39457867,-0.18476611,-0.018619921,-0.16897608,-0.3309684,0.30575055,-0.3193825,0.32576331,0.3184196,-0.053436715,-0.074887864,-1.0860138,0.17278893,-0.08762441,0.43056092,-0.28696355,-1.1986939,0.10574645,0.037940685,-0.045510374,0.24953073,-0.057239197,0.8660862,0.21289943,-0.03937853,0.13133311,-0.03206064,0.09797049,0.25958616,-0.4220059,0.3317045,1.0192697,0.06511548,-0.111278914,0.24994795,0.049254764,0.09499141,-0.21150531,0.28984874,-0.58580387,-0.19800144,0.03275802
-1.0941018,0.017387519,-0.2352724,0.23928598,1.001026,-1.6751813,0.052535363,2.1457984,0.09512163,0.2212616,0.19080532,-0.26593012,-0.3889083,-1.7978381,-0.4371853,-0.8591646,0.1786531,1.2643896,-0.33042425,1.6950665,-0.79376835,-0.20262286,2.1787486,-0.6962047,0.11548051,-0.54121375,-0.3835336,-0.15689522,1.3694519,1.7069902,-0.41524756,0.2901228,-0.93209875,1.4782665,0.5101775,-0.2255059,1.579045,1.1271621,0.8455893,-0.69911283,-0.60232246,0.39942417,0.42453098,0.40318432,0.0039875745,0.2152385,-0.07162779,0.32271084,-0.7020017,0.20867328,-0.44804817,0.49696177,-0.3025001,-0.037411466,1.5207603,0.5527595,-0.86083215,-0.033948906,-0.14221571,0.45721692,0.3924143,0.21983044,-0.016512964,0.19978555,-0.44421342,0.013623225,0.027818779,-0.2694078,0.04593315,-0.5058906,-0.20349458,0.2268708,0.26892638,0.9416411,0.53788584,-1.4593871,0.41715875,-1.1188172,0.7894433,0.103580676,-0.67651916,0.30712152,-0.23679222,0.2177486,-0.39399537,1.6063988,-0.967743,0.07272623,-0.9428948,0.4902865,0.047212526,0.07381337,-0.1134617,-2.1221936,-0.21225761,0.52383226,-0.410113,0.1557053,0.40195063,0.051110804
1.5517594,-0.09852251,-0.3329874,0.33640763,-0.93037695,-0.25612843,0.2137882,-1.4684159,-0.183285,0.24360234,0.058829963,0.31071955,-0.9390012,1.2606086,2.009362,0.8614482,-0.2497466,0.5607534,0.043391965,1.1728802,0.74499756,0.45446792,-0.5010157,0.055465404,0.12237651,1.0060135,-0.38696656,-1.1217582,-0.66885746,-0.74157447,-0.6379758,0.7513685,0.5588478,-0.5456026,1.0383238,-0.468959,0.10890243,1.4106963,0.2286232,-1.8583211,1.9895499,0.07141353,-0.041894916,0.5844887,0.026543211,-0.050732434,0.48500714,0.10961436,-0.37732023,1.99573,-0.0026700867,0.18415835,-1.0252237,0.071576744,1.1986383,0.38960695,0.3470289,0.08538416,0.16840635,-0.15735641,0.10957816,-0.09053303,-0.3771456,-0.93725353,-0.77097666,0.41077617,0.039262693,-1.3496753,0.21122983,-0.55098915,0.015946675,-1.0219581,-1.1100154,0.97037804,-0.5305404,-1.3805912,0.57045555,-1.6216359,-0.028046604,0.09986668,0.2710156,0.06951221,0.13162944,-0.36511812,-1.4271863,-1.160222,0.015756689,-0.06905124,-1.2433305,-0.40860152,-0.19509378,0.18403612,0.09982769,-1.0715266,0.35768443,0.09214741,-1.4646205,-0.9733392,-0.41777608,-0.03905005
0.56245303,-0.13679081,-0.15269375,-0.018009815,0.55647373,-0.1578624,0.4829236,-2.1983638,0.040081285,-0.09860969,0.15763439,0.013311764,-1.4185864,-0.26990974,0.3348998,-0.7175744,-0.16651662,-0.22884992,0.22950256,2.2286363,0.914807,0.16266826,-0.6298713,-0.16237932,0.17038031,0.7816418,0.057647597,0.710355,0.07309189,1.6256917,0.52458465,0.27294058,0.121709436,-2.4255466,-0.55353445,0.89964175,0.23321477,1.0406202,0.930081,1.2712367,1.7789326,-0.29824603,0.4185611,0.7954747,0.29908687,0.34702086,0.52940243,-0.14673863,-0.90002096,-0.9990576,0.15682651,0.74385434,-1.8555405,0.43941942,-1.4657484,0.94401014,-0.5346823,0.07927368,-0.06704221,-0.061594564,0.22536913,-0.32312518,-0.8014401,0.21464823,-0.27665254,0.41686022,0.11441856,2.1113799,-0.29598087,1.4363766,0.01267009,-0.78349894,-1.488929,-0.21085098,-0.96016437,0.06335475,0.089163005,1.5246676,-0.65437263,-0.1138469,0.28433457,0.048674066,-0.6707097,-0.72366303,-0.72907156,-0.9657204,-0.398972,0.1219045,-0.02346049,0.3827496,0.1809859,0.11645151,-0.09472533,1.56496,0.09812096,-1.1761749,0.6960547,0.57209164,-0.19475164,0.010575679
-0.3192587,-0.051225413,-0.2030283,0.3020772,-0.24887295,-0.49282736,0.35517678,0.5056197,-0.23598967,0.26535836,0.59168017,-0.045275427,0.095956855,0.9249293,-1.2824743,0.7934074,-0.14527917,0.8957486,0.608912,-0.16643223,0.03102251,-0.10798105,0.11147229,0.44002628,-0.031023184,-0.2667731,1.2364954,0.9810281,-0.07164521,0.7881335,-0.5571322,-1.6028316,0.7856996,-0.9492879,-0.38562527,-0.18754771,2.0548263,-1.1522619,-0.121265486,-0.7287547,-0.576017,-0.31224367,0.45499194,0.6616799,0.16546366,-0.18954289,0.512289,-0.5810693,0.1442264,-0.7190231,0.017384863,0.13848898,2.6929703,-0.5964844,0.8247014,0.36056525,0.6641191,0.0770863,-0.4965362,-0.27012601,0.46337473,-0.252925,-0.84805,0.305637,-0.55450016,0.6784258,0.2496517,0.35332802,-1.0151786,-1.1511306,0.24335428,-0.5697159,2.4442163,-2.0020962,-0.4064064,-1.4901214,-0.09817039,-0.19049603,1.3922683,-0.047877222,1.2129799,0.15444216,-0.6207279,-0.26420233,-0.24225616,0.7748911,-0.25697955,-0.19163509,-0.5896883,-0.2592296,-0.49847397,0.4167228,0.2994787,-0.68560714,0.25721157,-0.1721404,0.36841342,0.26930025,0.3779197,-0.2833604
1.5986212,0.27418455,0.010519904,0.08068599,-0.82403886,-0.2300312,0.15115948,-0.94631386,0.077355266,0.011184364,-0.275354,-0.7277625,0.4690939,0.10768372,0.096299864,-1.2105871,0.08437228,0.66054904,0.067382574,-0.9389125,0.07554404,0.1079763,-0.35639894,-0.050695524,-0.009169725,-0.12089529,-0.3388711,0.28298587,-0.047523487,-0.022397308,-0.14156814,0.032855198,-0.12938702,-0.16289927,-0.03745484,-0.6319216,0.23931552,-1.9229198,-0.28010184,0.3968976,-0.42275557,-0.06324689,0.12939258,-1.4912412,-0.061481237,0.027025137,-0.47845614,0.16958141,-0.060660943,-0.14325094,-0.14714721,0.96766675,1.2615513,-0.107714,-0.57680523,0.21359475,0.28800166,0.0022050748,-0.18643208,-0.002761158,0.90801275,-0.059827868,-1.1809512,-0.40079814,-0.32442763,1.6957887,0.2505783,-0.020813752,0.049527295,-1.1507388,-0.04347998,-0.16191478,1.4203535,-0.8056867,0.24872328,-0.003497294,-1.2452474,-0.1824615,0.3561033,0.22486487,-2.173577,0.20564221,-0.10216566,-0.018572275,-0.21658428,-0.10142684,0.3440567,0.380941,0.28095272,-0.5746356,0.043215804,-0.17146948,0.043771725,0.8504492,0.0007107548,0.23871873,-0.79417837,-0.69180304,-0.10402783,0.6749361
0.5207402,0.07301828,-0.082379736,0.41987684,2.1815913,0.31444675,-0.25524718,1.1254525,-0.019939337,0.10437739,-0.37001136,-0.4898763,0.6583072,0.20146488,0.46125844,-1.0610691,-0.12334963,0.16224386,-0.31691983,-0.3528451,0.75977916,0.4310256,0.3112372,0.11043332,0.22938903,-0.25017524,0.55836654,-0.07384518,0.023195397,0.7828289,-0.3948169,0.6277362,-0.756473,-0.05735279,-1.1735761,-0.76987284,-0.2187064,-1.613678,-0.01326918,1.6377007,-1.888315,-0.1064176,0.081401266,1.919788,0.14877471,0.0026470134,0.21923546,0.21293044,0.22159488,1.6933264,-0.07998329,0.6824172,0.11970446,-0.6360301,-0.18445645,-0.050863717,0.488042,0.123768106,-0.26276198,-0.101953916,-0.032689266,-0.05280965,-0.12522909,-0.1287881,0.32631984,-1.4347181,0.32302922,0.21399777,-0.1845645,0.6423475,0.0028562285,-0.72755533,-2.4363818,0.26330045,-0.047960773,-1.3177662,-1.1857768,-1.7294872,1.3377992,0.08835825,0.66326386,0.20125803,-0.7215881,-0.27455714,0.82217115,-0.28829038,0.7049148,0.41416553,0.1122912,1.5152615,-0.2562951,0.08989971,0.5112119,0.4260502,0.079584144,0.15099293,0.6932743,-1.2889082,-0.08508676,-0.52138245
-0.49252415,0.22201821,0.2712397,-0.012904677,1.2244762,0.15031986,-0.31562725,0.22494893,0.33938652,-0.13354109,-0.17326133,-0.1133332,0.30322167,0.09898633,0.039255045,-0.122642994,0.04319776,-0.36024183,-0.005483899,-0.6142156,0.076078445,0.094337694,0.25226107,-0.06746609,0.029880015,-0.26652664,-1.1714628,0.079577394,1.1331847,0.7554895,-0.07392654,0.1435558,0.3033105,-0.166171,0.35183632,-0.07626361,-0.90955937,-0.21698572,-0.084797174,-0.17088172,0.28578857,-0.14369446,-0.47778776,0.8355815,-0.0042392677,0.10948268,0.18525438,0.11512771,-0.022673003,-0.4115843,-0.080209814,0.13231204,-1.1843753,-0.1307586,-0.11796873,0.19701806,0.36600432,0.0024826222,-0.096987545,-0.12357972,0.2279273,-0.09048913,-0.09641907,-0.2177462,-0.20175222,-0.012561582,0.093225196,-1.2160782,0.03425695,-0.20225558,-0.304009,-0.5998608,2.4856033,-0.4646843,0.029412244,0.67365515,-0.01958332,-0.07338244,1.1819123,0.002460671,0.27087432,-0.04223017,-1.0322646,-0.21704635,-0.7157937,0.5374188,0.550685,-0.038373023,-0.40076894,0.041384265,0.08122103,-0.23192586,0.083956085,0.002924228,0.038068257,-0.011848053,-0.032336187,-0.3224633,-0.15692845,-0.121553354
1.3512249,-0.18417428,0.25572047,-0.4174553,-0.89687717,1.6677078,-0.8641634,-0.18534346,0.35694313,-0.5749989,0.60817385,0.10129465,-0.45626825,0.61803764,0.17905349,0.71754634,-0.34663564,0.67979133,0.28856093,1.0499356,-1.5192316,-0.26245767,0.34576517,0.22749335,0.66081864,0.084916174,0.86079574,0.6618437,-0.9176452,-0.3696908,0.23962738,0.49946216,0.2909727,1.1897542,0.35507372,-0.32181615,-1.215035,0.39803448,-0.56117654,1.28216,-0.12437295,-0.34278363,-0.1402373,0.79592466,0.36161342,0.7087396,-0.046311088,0.35792696,-0.3774762,0.7886066,0.042641718,-0.0724047,1.2947859,0.15084289,0.37704554,0.62887496,-0.04037314,0.4571986,0.20764919,-0.42170408,0.47648108,-0.343258,-0.40961942,0.39270675,-0.2940065,0.36279958,-0.41584262,-0.6409959,-0.039178982,2.2564702,-0.27575165,-0.9188107,1.7361538,0.6596113,0.03631788,1.0367446,0.48251492,-1.9643025,-1.3079835,-0.2758495,-1.8783365,-0.35137174,-1.2622142,-0.7698793,0.2502992,-0.58981705,0.29810378,1.0039399,-0.8539961,-0.25192562,0.5962217,-0.39987412,-0.025323696,-0.9905383,0.66162574,-0.60168964,-1.0079789,-1.1051991,-0.24418046,-0.17016776
