1.57108,0.54668593,0.3584921,0.77920836,2.1042538,1.0026582,1.7010943,3.1446724,1.2291312,2.4063983,-0.5103365,1.2391467,-1.4816175,0.2705661,0.7451065,2.6308994,2.674339,-0.8239873,1.1920837,-0.3209708,-1.7205371,0.22870448,-0.012663042,-0.18020205,-1.538053,-2.1386528,0.005437972,-1.0481107,-5.1018558,0.5465563,-0.33297586,-1.3613652,0.1100319,-1.7911067,-2.8933194,1.9891763,0.3213522,-0.25463903,-0.26117593,-0.7821151,1.0356814,0.7926521,-0.32010052,-2.0142267,-2.75938,-2.6993086,0.35951972,2.051541
0.011203974,-0.1749585,-0.12466488,-0.619443,0.040101282,0.12218239,0.11806476,-0.10137272,-0.07752899,-0.008815502,0.12873054,0.0076967627,-0.00751658,0.16355485,0.0028305273,-0.00026461305,0.003237429,0.5525831,-0.36815497,-0.11081499,0.02348702,-0.08392199,-0.356581,-0.32030874,-0.006933266,0.08662434,-0.12375993,-0.1494399,-0.035487175,0.046280578,-0.26137954,-0.27153066,0.0049377847,-0.060646854,0.07856872,-0.026350763,0.18914448,0.15844692,-0.05782786,0.054856256,-0.021028044,-0.058681007,0.08108117,0.0137319835,-0.10603298,-0.20302582,0.54365516,0.18385457
0.07567739,0.2774676,-0.10219632,-0.48498264,-2.0917845,0.24333678,0.119524404,0.14395961,0.65479094,0.5976444,0.01506002,0.7791658,0.2781955,-0.88810843,0.13795543,-0.22809699,-1.0297412,-0.05771558,1.1129036,-0.66101706,-1.0471132,1.9720875,-0.13533159,0.4892079,2.7603393,-0.24466391,-0.87127495,0.49065244,-0.40844494,-0.59666514,0.22781509,0.22847308,3.288549,-0.62684876,0.2880633,-0.9787037,0.17333423,-0.39686847,-0.5045958,3.1654449,0.08941217,-0.9115925,-0.6501765,0.7117325,0.69093156,0.4214448,-0.8277572,-0.9034499
-0.73977023,-0.40896842,0.06239809,0.29616338,-0.14326726,-0.10496959,-0.09695004,-0.3322856,0.09384405,-0.000618391,0.13719514,-0.09408514,-0.053569853,0.34715202,0.013148672,-0.0038216016,0.18681715,0.1449249,-1.058266,0.015923705,0.04738205,-0.003380252,0.08387862,-0.20535329,-0.11784953,0.27153873,0.014666015,0.38264394,0.24621928,0.046041664,-0.132271,0.30371955,-0.006158913,0.2046759,-0.6733848,-0.046618517,0.1846083,-0.2537563,0.0566025,0.008689573,-0.427764,-0.4903129,0.37901172,0.11437458,-0.13744494,-0.45631874,0.5009649,0.11444196
2.0286982,0.27324337,2.321428,-1.7540076,-1.0406348,0.8518446,1.3253822,1.1052101,-0.25407183,-0.7421093,-0.5840866,-1.4485459,0.9408359,-0.30831409,-2.289523,1.1570702,-1.8503352,0.08476796,0.23819043,2.5249364,-1.8745081,0.74299604,-0.46856597,1.1023577,0.10942509,-1.6552023,1.332501,-0.21033776,-1.4637965,-0.68495,2.192892,-2.3556767,1.5081666,0.054595914,-1.5540617,0.22559352,-1.3458766,-0.39993164,0.9623811,-1.7066249,-0.827581,-0.46468762,-1.1417526,2.3620856,0.6792585,0.4028404,0.64244425,-1.0977036
1.7810415,-0.37104607,-0.22802843,-0.7873366,-1.2228938,0.12143857,-0.37969837,-1.6741256,0.15844667,0.030474318,2.087314,0.012116834,-0.008632127,1.5016533,0.00077101495,0.09960246,2.2475548,0.5791817,2.7848125,-0.029218212,0.0015567268,-0.10132477,-0.89128137,0.41858193,0.3669509,0.570146,0.98614085,-0.756718,-0.6533199,0.6592215,-0.16059989,-1.1417786,0.1113656,0.874357,2.455494,1.5957485,1.4525197,-0.46123683,-2.2286036,0.029815877,0.06519855,-0.30425817,-1.9190707,1.4844414,0.101905115,-0.1567868,1.6546578,1.4146129
-1.0380858,0.5726855,-3.4311404,-1.3822736,-0.4831187,0.12485307,0.10965803,0.08694984,0.15282127,-0.52138186,1.6074458,-1.6806437,-1.9978535,0.009335061,0.18923329,0.09211458,0.6026417,-1.0949721,-1.3353176,-1.7321622,1.8232728,-0.86802626,0.33355153,1.9901412,-1.7298385,0.5462593,-0.32179913,-0.34016386,3.370635,1.5949339,-1.1527134,-0.10857089,-0.7783949,-1.2867926,-1.517212,0.80562514,-0.0752154,0.61217344,-0.45145097,0.94076735,-0.5849346,-2.2645159,1.9601558,-1.3651694,-0.6041438,0.27178508,0.0030027048,-1.821085
-1.3510785,-1.9238976,-2.5537145,2.5361118,1.9408435,0.09093741,1.0916419,1.6211689,0.092359655,1.3884902,0.4283689,-0.008030101,-0.0837976,1.4524382,2.153666,-0.23065946,2.9567544,-2.26238,-0.4804098,-2.612839,-0.77531046,-0.22716093,0.28045496,-0.03920827,1.2179321,0.85547775,-0.054992735,2.9646401,0.89955884,0.7196012,-1.5569448,-3.4149663,-0.56871295,-1.5969572,-1.8320972,1.1136569,-3.5433307,1.6817081,3.3212686,-0.23903921,-1.9436076,-2.1715434,2.7247834,-2.026571,-3.9866252,1.8019038,-2.1399698,0.6785759
0.6571966,0.10621684,-0.026786199,-0.17930833,-0.10818085,0.098986104,0.15230508,0.23856144,0.09466047,-0.060802534,-0.014084378,0.10597072,-0.00011547322,-0.12066573,0.015916124,-0.018577395,-0.21211952,0.12692647,0.03360804,-0.0045274054,-0.03095787,0.10798441,-0.70791227,0.0460534,0.0034168928,-0.31075954,-0.29115233,-0.6167635,0.15445413,0.022719318,0.17329532,-0.33411154,-0.037174776,0.30400032,0.035151117,0.13555235,-0.26225406,0.15540634,0.16614456,-0.02657222,-0.040346175,0.20878851,-0.20059137,-0.3876144,0.30680835,-0.09391335,0.278857,-0.17306948
-0.32312837,-0.071742885,-0.13677284,0.18664141,1.2033979,-0.09261009,-0.097491,-0.36195624,0.022848185,0.020949189,0.22497894,0.006258958,-0.036995314,0.5752532,-0.018859174,0.10270606,-0.0514461,-0.34628457,-0.846471,-0.035240795,0.037959702,-0.0063667647,0.5240719,0.11388978,-0.7021693,0.21609071,0.012302553,0.14370443,0.42255455,0.17285931,0.09652749,-0.01026268,0.08601405,-0.91622627,0.09351739,0.32176256,-0.10799575,-0.34230962,0.6635592,-0.03714378,0.052193996,-0.23619433,0.19251586,0.054651562,-0.1574443,0.20726696,0.6472552,0.031358875
0.2821517,-0.1501759,1.903086,-1.4054805,-0.017555857,-0.101967715,1.4535292,-0.46596506,0.09124757,-0.002899237,-0.8840309,0.113658525,0.095581084,-1.1218487,0.099014506,0.020500487,1.7227249,-0.19227825,-0.5126944,0.0074514695,-0.07697458,0.046333954,-0.049360346,0.008044399,0.8909484,1.060744,-0.20425168,0.008413049,-0.719989,0.1403878,-1.4071088,-0.60347575,0.008296791,-0.32760325,0.3587234,1.6051332,-0.12731466,1.5650653,-0.5634341,0.0069930432,-1.1729714,0.7627361,0.43640652,0.6473334,-0.03755274,0.39404425,-0.32872003,-0.21948199
1.1689274,0.10110743,1.5752294,1.0327008,-0.021614356,-0.11412999,0.094312884,-0.26434124,-0.10365638,0.08860361,-0.38402838,-0.016025405,-0.0002076639,-2.4652457,-0.40761513,1.4083338,1.1994326,0.34879154,1.124017,0.10176611,-0.09494818,-1.7179209,-0.96649253,0.03972505,0.114811935,-1.1112612,0.40821284,1.1259339,0.007796599,-0.059985902,0.38825166,0.22465366,0.018655293,1.1904931,-1.2216259,-0.2968221,0.13258217,0.506557,2.7765436,-0.12449166,-0.33757475,-2.2946646,0.634797,-1.6610978,0.112157896,-0.29729602,-0.8998385,-1.0649413
0.44476557,-0.25097442,-0.020416074,1.451212,-0.35214087,0.18811457,-0.29328087,0.6077557,-0.072928205,1.5388478,-0.037843242,2.1446712,-2.6091053,0.07521948,-3.460819,0.35095903,1.0866548,0.057311907,-0.24411845,2.893344,1.1141146,-1.9220663,-0.5406908,0.63732064,0.44326237,0.9490888,0.83624417,-0.12032243,1.2789031,-0.88040715,0.038750563,0.61634886,-0.5016918,0.23293641,0.24794927,-0.5379422,-0.75597906,0.25473246,1.7067285,-2.20771,-0.23936006,-0.16640666,0.3961375,-1.0005115,0.59292996,-1.6281445,0.44179848,-0.022963593
-0.35918182,-0.1610586,1.9882774,-1.0428476,-2.232409,0.39064798,-0.079191834,0.08168069,-0.70903045,-2.1587281,0.71182185,0.7255968,-0.2922667,-0.22983056,3.4317565,-0.6772671,1.6505684,-3.3139472,1.9120729,0.604013,0.126119,-0.25967664,-0.28305325,0.6358515,0.112378,-0.6773086,-0.92540336,-0.092261516,2.937172,-0.346023,-0.66942257,-1.777119,0.40533778,-0.50798243,0.17310226,0.45326316,2.5935962,-0.76071525,-3.203412,-0.12536983,-0.21836326,-0.15988696,1.5228167,1.3025326,-0.27477062,-0.051539104,0.10062204,1.0710272
0.4751677,-0.018279843,-0.049957514,-1.8903652,-0.5723516,0.6673137,-0.04595551,-2.0348504,-1.5148976,0.42696843,1.3350843,-0.0732819,-0.3003912,-0.9030496,2.222178,1.470982,0.7986147,-2.1008255,-1.0118976,0.695627,0.09224103,-1.6241305,0.44707713,-0.16928391,0.2071802,-2.3048408,0.26865882,0.30659264,-2.9150498,-1.8962358,-1.880344,0.38181823,0.44242075,0.23617388,3.3000393,-0.2231407,1.309171,-0.11500522,0.1173109,-0.65937793,-0.66800094,-2.0403109,-0.41624832,0.9214917,0.2612453,0.55378795,-1.1698654,1.2645196
0.1584863,-0.57143676,-1.1793841,2.347699,1.3619236,-0.089321904,-0.1533714,0.82143354,0.0121314945,0.18518302,-0.0866763,0.06542859,-0.24490976,-1.499293,-0.0031065156,0.10689535,-1.3298839,1.3893242,-0.697018,-0.010626518,0.12423562,-0.088456735,-0.44163087,-1.3361726,-1.2594215,0.48642492,-0.17095877,1.2892002,2.3447847,-1.1285069,2.2529948,0.5759126,0.108479455,1.4083196,-0.50361097,1.246208,-0.27383804,0.028656563,-0.38195255,-2.7274678,-1.4542295,0.6995895,-1.2737038,-0.24818622,0.10447825,2.134259,-3.1289937,0.055961862
0.21817853,-0.14402756,0.080163784,-0.034899887,0.21719083,0.1058927,-0.09919931,-0.08832778,0.5768221,0.18605578,-0.050857794,0.13486339,0.017370168,-0.082900934,0.4929922,-0.89407504,0.116039775,0.17151159,-0.23383221,-0.13506559,0.08935197,-0.48813215,-0.09530766,-0.41600055,-0.14589725,0.066957,0.15319863,0.09963535,0.15615928,-0.011124136,0.32764894,-0.16124974,0.056697853,-0.2704087,0.05898414,0.0062549664,-0.13020319,0.45317763,0.08474006,0.15769793,0.030443495,0.52191234,0.23794419,0.20054401,0.49986458,-0.068314224,0.123579815,-0.06397531
0.77230984,-0.6587287,1.2823489,1.7261608,-1.1017481,0.05814488,-0.5316728,-1.0837995,-0.31937402,-0.26493856,0.023139047,1.1157176,-2.8583071,1.0444328,-0.11058934,-0.8258027,-0.7608291,-2.3030622,-3.0387576,-0.2627846,-1.7374206,2.9874084,0.36820522,-0.29239,4.6101727,0.1323213,-0.7959902,1.1013656,0.86098397,-0.66676694,-1.0384101,-0.49458176,1.6022037,2.9288893,0.9143385,-0.509456,-1.2174721,0.783344,-0.0046251076,0.46140504,-0.2749818,-0.12983304,0.469477,-0.7166552,1.0462539,1.0339835,-3.1607432,-0.88038474
0.79152423,-0.014639519,2.0402105,1.018882,-0.096635096,0.23373522,0.10464787,0.27246886,0.11328071,-0.41062653,0.355927,-0.01450082,-0.000722594,0.19016665,-1.2149539,0.0088547785,0.5799063,0.5947989,1.0666784,0.15566087,-0.0542344,-1.5931683,0.034720972,-0.2612844,0.0004914213,-1.5766647,-0.22709186,0.6918921,0.79933107,-1.6630448,0.48408568,0.8812862,0.09648914,-0.01326061,-0.5462213,1.727078,0.029461212,-0.14322627,-1.1044657,0.110817395,0.77525544,-0.3656004,0.16116755,-0.58402896,2.7861946,-2.4811373,-0.4922996,-3.6249957
-0.43052864,0.11188651,-0.6791814,1.7128586,-0.99023974,-0.10133826,-0.6278894,-1.1388487,-0.09640373,-1.5549556,1.239335,0.03140493,0.3296314,-0.8000477,-4.501573,0.10542856,-0.43547234,0.49725914,-0.7253459,0.4362443,0.37285945,0.5435789,-0.55130416,3.3264515,-1.2706537,2.0823336,-0.33485684,0.4738075,0.44294629,0.37576622,-0.5720914,-2.0952003,0.094424315,-0.32582465,-0.69715714,0.10190072,0.9708105,-1.5968332,1.1014493,-0.96291345,1.5815244,0.028602364,0.70245177,2.261598,0.08607257,2.0363886,-1.2961438,1.1015718
-1.6787258,-0.941014,1.965448,-0.47831237,-2.7604027,0.107667655,-0.19094521,2.6272871,0.13374004,-0.00677787,-1.7168936,-0.0691683,0.012110119,0.17162482,-0.0518462,0.021390844,0.5624697,0.76238513,0.37019077,-0.0050741043,0.01963485,0.029232819,0.9719066,-0.45258933,4.150876,-0.38135046,-0.052079093,-0.49375245,-0.09298821,1.7369328,-0.89791036,-0.47217807,0.0034520468,0.38121235,-1.4532881,2.0603302,-0.021388182,0.17844242,-0.36304617,-0.031296726,0.31851047,1.7771254,-0.7867203,-0.79286605,-0.1578303,0.9025853,1.0880662,0.32856736
-0.3477031,1.0508573,0.14447235,2.1864038,0.33195788,-0.30190217,-0.101236746,-0.9962757,-0.16287513,-1.8115193,-0.51714855,0.781294,0.34250915,-0.7289077,-2.5426533,0.08909997,0.31655407,-0.8742554,-0.35813427,0.36966735,0.31595328,-0.1840071,-0.6765483,0.4787102,0.19979845,0.18138218,-1.7131162,-0.7060703,-0.6518198,1.9950022,-0.3620242,0.54478914,0.8105027,0.63919574,0.3607452,-1.2798557,-0.6808728,0.91065836,-0.21965966,-0.13965376,-0.9543582,0.42517635,0.12857312,0.25902236,1.2213832,0.21864526,0.18554924,1.4701574
0.14345783,1.9951423,-2.3551433,-1.9690943,-1.6898286,0.22422956,2.0119278,-1.581102,0.44269922,0.88771576,1.9604979,-0.93797123,1.7364995,-0.12996653,0.9294429,0.89296913,-1.1626576,-1.0934987,2.1355348,-0.32392058,-0.057311412,-4.430081,-1.0397018,1.270912,-2.6287236,0.780055,-1.5647078,2.5261602,-1.30163,-0.41442183,-2.9680316,0.86675894,-3.0493598,2.0058403,-0.4106745,-0.2126153,-0.8985148,-1.3713444,3.1723745,0.7424096,-0.43704545,-2.121675,-2.6747813,-1.1808147,2.0098393,-2.999566,1.3835775,-1.7429675
-0.028472736,0.13334951,0.21757877,0.43744764,-1.3788557,0.06918003,-0.026535578,-0.09994622,0.08397004,0.7674523,-0.19100557,1.0659951,2.6979322,0.06471824,-0.9084063,0.78772455,-0.59268785,0.046881758,0.33928514,0.291792,1.4480454,-0.36215895,0.20926043,-0.3237503,-0.8401562,-1.2061105,2.902352,-0.5375043,0.7429345,0.25458843,-0.733604,-0.5925606,1.5363928,-1.327391,0.37252766,1.1334951,0.50903237,-0.54753786,0.35792896,-0.113972865,-0.73052293,-1.5166036,1.2816037,0.076761544,-0.8024691,-0.18161356,-0.09810789,-2.3024573
-0.08698991,0.83164555,1.4877831,-0.45106134,0.45868024,0.09625781,0.34106743,-0.06633524,0.07952854,-0.0029123812,-0.15662973,-0.005176431,-0.0065086163,1.0242476,-0.005882677,-0.042463943,-0.5463655,-0.04208731,-0.24867634,0.002947993,0.009982598,-0.014038336,-0.31713542,0.49641788,0.06308013,-0.5729812,-0.16969301,-0.23133141,0.121956326,0.4770215,0.18843338,-0.32131508,0.005370698,-0.3069822,0.22480072,0.08352115,-0.35329762,0.22913148,0.44269314,-0.012434717,-0.579673,0.14767514,-0.92446727,0.04248519,-0.34171873,0.19516759,0.018999707,-0.019566622
0.5873074,-0.020328838,1.1312124,-0.90333736,-0.63615996,0.022865541,-0.14795117,-0.08911111,0.57199854,0.25988498,-0.46957204,1.5932453,1.2616574,-0.072808795,-0.9118754,0.9874973,-0.320666,0.5497812,0.4168507,-0.08216691,1.7803121,-1.4503418,0.28175086,-0.2726941,-1.6572872,0.38101548,-1.7681688,0.49847963,0.38567415,-0.73491204,0.24710576,0.8006477,-1.5303957,-0.042285647,0.18672757,-2.5719194,0.90191025,-0.37130198,0.09482527,1.2864628,1.0387781,0.5811527,0.4101626,-2.5293913,0.10525241,1.3020147,0.047488064,-0.0041796966
0.37698492,-0.13188294,0.5512158,0.6820713,0.8069442,0.50387853,0.089105695,0.1000939,1.0825524,1.2191722,1.4307927,-0.4108764,-1.3930744,-0.09854057,0.7551175,-1.4752688,2.091665,-0.54323465,-2.074353,1.2503761,-2.107246,0.3058186,-0.7952232,0.91458255,2.731046,-1.8337148,-0.6735358,0.07297579,-1.2002606,-0.50209373,0.9213943,0.17816365,3.571098,2.0431333,-1.244251,-0.2597892,0.91267395,1.9279449,-1.123103,2.7276208,-1.7578031,2.7433114,-1.2684062,1.0594668,-3.2245722,-0.48351705,-0.0025206828,1.7834928
-0.40182185,0.42628425,-0.5387582,-3.4641361,-1.4280425,0.7748356,0.17442055,0.094225235,-0.4493167,-1.4456549,1.8835508,-1.449164,0.48860183,-0.0011659123,3.145624,-0.6638985,-0.8828554,-2.215849,0.6062665,-0.13748994,0.24296877,2.206424,0.121909864,2.0372708,0.06841422,0.2169883,-0.6159588,-0.9512774,-0.042180844,0.66193366,0.69575834,1.2256576,-2.3760135,-0.16373439,-1.1585476,-0.5770946,-0.3710719,-0.959133,-0.40490177,1.5565721,1.0922915,-2.076272,0.021480247,0.32792816,1.7594055,-0.47611454,-0.67912805,-1.5334163
-0.90534216,0.2979196,-2.4348006,1.9921261,2.2724597,1.8546693,-0.09968831,0.10456223,0.46986043,1.6459899,-2.7605317,0.17423528,0.9435347,-0.004206494,-2.5230048,-1.9956559,0.97220427,0.9838041,-0.8855356,-0.13967232,-0.6892966,1.096445,0.5734369,1.5605983,-1.0291206,0.2639979,3.541401,1.0408744,-0.6363523,-0.77531517,-2.6764243,-3.3580253,0.36343825,-0.15551826,0.07237701,-0.5230586,-0.74279964,-1.6964419,2.0791185,0.2941931,-1.6995313,-0.8356562,0.7591907,0.49137077,-1.1775496,0.848189,0.08385585,-1.251385
2.051381,2.3788767,-0.53533125,-2.3036468,-1.4600554,1.2931278,-0.07107917,-0.097924694,-0.71282405,-1.1741469,1.9257762,-1.7277563,0.96146137,-0.12978438,1.5908659,-0.63243824,-3.2272296,-2.6148274,0.5828083,-2.3751016,-1.6621133,-0.034871344,0.2082487,2.8910291,-1.2217143,0.2057342,-3.4307473,1.3959022,-1.5514803,-1.5713872,-4.6487727,2.4425194,1.0677717,-0.18583505,-3.3794723,-0.15150385,-3.4788282,2.1726062,0.742601,0.15205038,-2.7060726,1.209817,-2.6996436,0.0036053068,-1.9882756,-0.98115504,1.1101422,-1.3624105
0.40608826,-0.25727233,0.18570471,-2.647866,-0.28616846,-0.095818266,0.09426659,0.112901926,0.41872948,-0.5675718,-0.48007467,3.6579428,-0.7819429,-0.050765406,1.6292385,-2.456233,0.18746158,-0.5479953,2.3257115,-0.106350616,-0.32635775,-0.37802407,0.3627159,0.8677895,-0.29951376,-0.91208196,-0.26510197,-1.6766661,1.7031239,-0.6347569,-0.7689953,0.3408031,1.4201535,-1.5512854,0.017719846,1.179476,-0.7124374,-1.5716873,-1.7896069,-0.56871754,1.7244189,0.40769997,1.7021253,-0.7159886,2.148914,0.38712952,-0.10876156,2.2217557
-0.4887011,-0.5878417,2.2958598,2.1656137,0.81361526,-0.1798762,-0.10367461,0.09587493,0.11393655,-0.85003424,-1.0860656,0.21638383,-1.5468442,-0.09987522,-0.12081605,-0.43895465,1.2202063,-0.077986114,0.9170154,1.1834476,-0.058932707,-0.2618418,-0.24092728,-1.5389853,0.34366655,0.5639346,0.42606017,1.5382835,1.354252,0.2909776,-0.69809455,0.597275,-0.1260848,0.18752046,-0.46910954,0.5765423,-0.30909985,-1.0885556,-0.40509245,-0.7079419,-0.019646816,-0.20367952,-1.0588148,0.6200552,-2.1559606,0.6820402,0.06432341,0.21305881
1.3119934,0.47346455,1.737142,0.4434241,0.38416547,0.09927724,0.22634548,0.26830453,0.08613417,0.035833035,0.47976542,0.021675704,-0.005501127,-0.3498891,-0.091760136,-0.2865701,0.48045763,-0.20185472,-0.17763402,-0.10045681,0.25939628,-0.20060076,-0.36763516,0.06580019,-0.26126108,-1.3952698,0.11995242,0.5920578,-0.03131032,0.4706989,-0.93379986,-0.9563032,-0.10635027,0.5828947,0.119722836,-1.700257,-0.12975304,-0.028331345,-0.13853239,-0.2752253,3.0932224,-0.42746076,-0.81666315,1.3251979,0.7460907,-1.5430765,1.1655062,1.0661563
-3.390332,-2.0960712,-2.3786707,-0.5703292,0.68559206,-0.09042874,0.030968625,-1.3577696,0.15961842,-0.10463975,-2.390379,-0.016170459,0.040087078,-0.9651801,-0.113364875,0.10287913,1.158914,1.6272625,1.4071255,0.010826882,-0.004548888,-0.091597535,-0.060319256,-1.6496041,0.2464385,0.2564158,1.7584828,1.4144945,1.071138,2.0507421,2.9762328,-1.9440271,0.0915375,-1.4114192,2.9272263,1.7526213,3.9018638,-0.4605791,-0.12675188,-4.840632,2.7962193,1.6782279,-0.44167823,-1.0981702,0.14460617,2.0097666,-1.2545687,1.3314283
-2.418493,0.7613446,-1.9611716,-0.4346009,-2.1980736,0.091661274,-0.28114066,-1.3531647,1.9568301,0.15454648,-0.17012814,-0.30577925,-0.83530486,-0.59986395,0.20949894,-0.16522582,-0.561965,0.24655902,-3.682019,-0.884232,0.9467202,3.7879684,0.24491775,-0.55474055,3.7307422,-0.49186596,-1.2084122,0.56828696,0.08115022,0.8957959,1.2187366,-0.62313104,-1.281921,1.1661824,0.62039423,-0.014009636,0.66915333,-1.68559,-0.37299648,0.9404538,-1.0008723,1.3777559,1.032736,0.30447164,-0.44279668,-0.54291,1.558107,-1.709158
0.47366753,-0.78726286,-0.3323349,-0.38324648,0.29350525,0.10639408,0.15032108,-0.40007406,0.091541134,0.15944195,-0.31640851,0.011154604,0.00828355,0.7448049,-0.035430074,0.041353524,0.40400624,0.3067973,-0.50451523,0.02860664,-0.0092564,-0.0064002466,0.03675616,-0.0324482,-0.6650531,1.7417012,0.10188107,0.75401896,-2.4546869,-0.23522536,-0.97665125,-0.31983587,-0.06731398,-0.34712797,-1.0628501,-0.4835625,1.3661786,0.3284753,-1.232146,0.0056848377,0.8345329,0.15178172,1.456601,-1.4380906,0.15797265,-1.0318879,-0.6504729,-0.48204023
-0.18482299,0.08957304,-0.41014373,-0.71529466,-3.2228563,-0.9142409,0.90891296,-0.4276546,-1.0090843,-0.9676238,0.0051499577,2.6048582,-1.6522304,1.6344371,-1.338356,-2.0553815,-0.46775883,-1.7427913,-3.9921079,-1.8374373,1.4158936,1.0716624,0.5531984,0.19170862,1.3042356,0.48193672,-0.78548104,-0.6386937,-1.5103372,-0.83844745,1.4679197,1.271807,1.7239342,1.0585161,-0.3565427,-0.48015878,1.9900352,0.79437697,-0.13641693,2.23857,-1.5778338,-0.3593231,1.1371747,-1.1960052,-1.8676761,-2.4371486,2.1066794,-0.4859154
2.2835815,0.71964425,0.20294759,-0.7260647,-0.6016696,-0.101993985,0.72266173,-0.923762,-0.12728363,-0.46034363,2.1515265,-0.10616462,-0.4323758,-2.0339878,0.08784149,0.0054547754,-2.0432987,-1.9286515,0.17880759,0.28050184,0.31455812,0.43596017,0.16171575,0.47277707,1.4334911,-0.43625513,0.22102228,1.7165726,-0.3540417,-3.6736424,-2.8576462,0.94108284,-3.4960427,2.062374,-1.1563975,-1.584824,-2.003963,2.5046732,2.2276893,-5.535981,-0.15715966,-1.1397191,-0.70854074,2.88146,-0.16215612,-1.7098435,-1.1525586,0.36520705
-0.6464211,0.32543227,0.7219748,0.2852304,0.44257292,-0.33230397,-0.0744616,-0.09761861,-1.979066,-1.8312951,-0.5652468,0.5260139,1.1702621,-0.023141328,3.611565,-0.43934485,-2.2713451,-1.422236,0.10339939,0.56174517,1.5524756,-0.5276561,0.06048425,0.5125628,-2.3821874,0.7040944,-1.6086059,-1.1883961,0.20676872,1.528225,0.600445,-0.8956886,-0.1380191,-0.33921772,-1.9323808,1.9016142,0.9431446,0.042530205,0.90625834,-2.1413853,0.09137091,-0.9130072,1.5868876,0.37123942,0.3715727,0.7282394,0.48235914,-0.7831758
0.65070784,1.4037219,-1.1664428,0.699031,2.6964228,1.5646123,0.22757338,0.098618984,0.6323597,2.5396001,3.5830662,2.428509,-1.7952322,0.11015706,1.8603754,-2.0284932,2.13133,-1.5860933,-2.3651018,1.456679,1.2285471,-1.0751092,-0.20886712,0.22409768,-0.06857226,0.031170635,-2.9571447,-2.4677687,-0.023741202,0.23320803,-0.7571386,-0.021108085,0.073323995,-1.4864938,-0.4170064,-0.77777755,0.10072047,-0.363174,-2.7461848,-0.76291436,-2.4832563,0.29999074,-2.3191702,-2.9105825,-1.1626873,-0.9782148,-3.5671287,2.9000835
1.4245023,1.8341937,-0.12556277,-1.5979592,-2.3157222,-1.5083766,-0.213289,-0.09974425,-1.1765608,-1.298512,1.905207,-0.21028207,1.4372433,0.016881056,-2.1707635,0.9936642,-4.071744,2.5666554,2.965129,-1.3808098,-1.7093593,-0.55107427,-0.07280405,0.27262464,0.55415434,2.8878148,-0.2677274,0.7299172,1.6938149,1.412921,0.2748536,0.29460394,-1.5291536,1.4234768,2.307471,-1.9039626,1.1416235,-3.1588135,0.012229761,1.9102255,1.810743,-0.46624774,-1.6750693,-0.72840405,2.016894,0.36792424,0.003318302,-0.73263127
-0.03991471,-0.16640557,0.07595679,0.40341446,0.33110702,-0.103331804,-0.05297359,-0.095250346,-0.11889179,-0.047466233,1.8492639,0.90468836,-0.008961309,-0.27577585,0.1394579,-2.0490081,0.41335946,0.08746668,-0.41478005,0.34627956,-0.27159387,-1.842017,-0.14863794,0.030810982,-0.16121401,0.14717306,0.4330339,0.26153153,-0.004354138,0.2248224,0.31015328,-0.021199513,0.41155007,2.3505828,-0.051682845,-0.048145197,-0.16235551,-0.17287125,0.15468587,-0.31373727,-0.35120177,0.52004135,-0.07567752,0.088558525,0.26372156,0.20548919,1.2353419,0.32309067
-0.12606612,1.0659899,1.7262099,-0.046221647,-0.88584375,-0.09757551,0.2564475,0.10859118,-1.2929629,-0.4487558,0.991476,-3.7494996,-1.1194977,-0.32759878,2.3065975,2.082326,0.40081054,-0.64957464,1.507733,-0.3368109,0.5082644,1.0471896,-0.07980823,0.41767168,0.35172436,0.108950764,1.7348956,-0.9439209,-2.621962,0.09791639,-0.6133396,-0.460662,-0.17120053,-0.27444717,0.35637623,-0.39770725,-0.5908107,1.0593833,-0.97268677,-2.4741018,0.85864604,-0.5153046,0.6293162,0.22230805,0.19491252,-1.1471171,0.6334818,-0.49294558
-0.7675737,2.1365368,-0.8623189,0.19052744,-1.6066076,-1.1326512,-1.7363833,-2.13949,-0.20920599,-1.6933893,1.6458458,1.1797016,1.3464975,-2.4586713,1.7096789,0.9106496,-3.1105638,2.3334217,0.8562589,-1.9203396,2.3753521,1.4193829,0.09918016,-3.1958408,1.0102881,2.4945545,-0.7233047,-0.4036337,-0.6016107,0.6718368,1.1986796,-2.14278,-1.8678378,-0.45888385,0.72012603,1.8205347,-0.1209527,-3.5100105,1.3877227,-1.7142543,1.3834631,2.9135528,1.2096546,-1.8447362,0.21228778,1.5854003,-0.44415426,-0.7869075
0.15264618,0.25659198,-0.05348176,-0.011382439,0.004168171,-0.0962343,0.10650884,0.098226205,0.08895498,0.101932205,-0.0037326496,-0.027193652,-0.0009871189,-0.0023648934,-0.061867613,0.7161135,-0.33101904,0.013058307,0.13502905,0.0869485,-0.120952226,-0.03873736,0.07268139,0.06484295,0.10534982,-0.1521823,-0.22194774,-0.41422388,0.117734194,-0.01918668,-0.18866386,-0.083645396,0.020563222,-0.004420397,-0.037645753,-0.00892485,-0.07767984,-0.3757166,0.07039489,-0.1105814,0.06658281,-0.06302478,-0.019330932,-0.050470106,-0.076236255,0.14136653,-0.09577711,-0.24762318
-0.16859241,-0.0045968206,0.16627192,0.34149686,-0.18833978,0.106019855,0.0984887,0.09915939,0.09414951,-0.5473541,-0.09725444,-0.09968828,0.22866523,-0.030095108,0.09980989,0.19150102,-0.026112016,-0.13687663,0.10311076,-0.38445863,-0.25002635,5.68765,-0.5507811,-0.14706287,-0.004113419,-0.30272648,0.07158642,0.22109568,-0.16477737,-0.036659826,-0.1513676,-0.0423533,0.45753887,-0.066804945,-0.108264215,0.020921417,-0.31565812,-0.15150553,0.34126383,-0.12300454,0.13229282,-0.82370716,0.0048478823,0.012974838,0.9079296,0.179956,-0.15623228,-0.09247641
-1.2115912,-0.23745197,-0.14506859,0.0093276985,-0.7400537,0.10718402,-0.08175972,0.1675834,-0.12295818,-0.22823802,-0.08094952,-1.5432454,-0.08719655,-0.47419298,0.025868658,2.4143405,-0.16598646,-0.00028372445,0.24518342,3.7664473,-0.6263653,2.6950326,0.605187,-0.19036342,-0.1720931,2.3046763,-2.394273,-0.088383056,-1.0773783,-0.7783406,1.5622002,-0.4262502,-3.0954707,0.64350194,-1.7133499,-0.60272354,0.2672446,0.47323808,-1.0043495,1.1654686,0.42943594,0.9223397,-0.2631718,-1.0227324,-0.21538447,0.7654196,0.8420042,0.52517635
-0.7669845,0.08309483,0.8700148,-1.2834605,-1.4580736,1.0296688,0.091290355,0.08847184,-2.7518227,-1.5421723,-0.20044084,-0.4403379,2.6007552,-0.004856665,-1.3552686,0.88609034,-2.529436,-3.6506596,0.55573106,0.2944159,0.9144582,2.0598307,0.41636387,0.5631586,-0.24534367,-0.605739,-0.22333156,-1.4902701,0.93389934,-0.5859927,0.27506956,-0.74786556,0.5188818,-0.17700393,1.0975269,-0.51825285,-0.7629521,0.13127966,1.303676,-0.7440548,-0.09996039,-2.5606093,0.70017415,0.8301487,-0.026980482,1.9395168,0.0935908,-0.85356593
-0.6037017,0.029659284,1.896079,-0.37628,-0.8409116,-0.6542199,-0.48176122,-0.025822222,0.0828134,0.048913397,1.454914,-0.080620915,0.21453793,0.59730893,1.8988861,0.9398605,0.5818055,0.46902683,-1.2800461,-2.1171236,0.18306983,1.3067589,0.10375487,-0.17628978,-0.9688215,-1.0816303,0.5226694,-1.0852504,0.099434845,-0.4816363,0.050840355,0.582682,0.1792512,1.6760471,0.074984275,-1.6935725,-0.6743291,-0.019695899,0.41190964,1.1873823,0.58313996,0.2824677,1.2994959,0.5727641,4.541165,-0.073413156,0.46541935,1.5888752
-1.8476357,-2.1679819,1.7571082,1.5757275,2.3149495,0.3914445,-0.020628154,0.09785984,-0.7594327,2.2312725,2.705441,-1.1945701,-2.0997024,-0.10863719,2.0276558,-1.0790337,-0.54802567,-0.46051416,-1.1482517,-1.129389,-0.2026044,-1.5894324,-0.07447278,2.4386272,0.79960525,-1.4306573,-0.26933175,0.55387616,-3.7431934,-1.3162177,-0.07553594,3.1617758,-0.8441853,3.0489273,-1.0566825,0.43930784,-2.1650066,1.1250979,0.51739717,-1.0050027,3.4085581,0.3317788,-0.7667675,2.4033856,0.31453553,-1.0781381,-0.0038966958,1.4032984
0.42134595,-0.208665,-0.84057647,-0.2087004,0.24125144,0.08170095,0.10208154,-0.09941643,0.08721843,0.09461573,-0.018849026,0.24902774,0.12329906,-0.013411959,-0.88382447,-0.47966725,-0.014580741,0.36364874,0.19982319,-0.09473284,0.07329702,-0.10474718,0.15242678,0.1149613,0.17425905,-0.1961372,-0.16976225,0.18405113,0.3244211,0.05265295,-0.1349104,-0.08752226,-0.022756563,0.23190227,-0.18770027,0.108953655,0.19848268,0.05254595,0.01609643,-0.12163629,0.046073932,0.3532676,-0.1227567,-0.68308145,0.35612994,0.11358516,0.101949684,-0.069326654
-0.20924532,-0.033263016,0.31894097,0.038632255,0.068790674,0.08119103,0.6673606,0.035745908,0.1095875,-0.22511807,-0.07269658,0.013316984,-0.016530475,0.40391606,-0.7995183,0.012790856,-1.4163734,-1.9647712,0.4842117,-0.0048391162,0.41158897,-0.034653503,0.1492922,0.5219229,0.560414,1.4594609,-0.13990414,-0.2238713,-2.0481923,-1.0730559,-0.4841838,0.494165,-0.10851911,-0.17663433,-0.24884868,0.5039561,-0.1915853,1.3931463,0.6405919,-0.07714853,-1.2098938,0.37805697,-0.36338988,0.15864538,0.2631968,-2.1551573,-1.1596963,-0.282767
2.129346,2.6843047,-0.9711795,-0.58936375,-2.6856089,0.085073695,-0.9154536,-1.7541611,-1.2092817,-1.2309515,0.41308492,1.2579249,1.373539,1.9486264,1.355045,1.0862894,-2.534705,0.41533434,2.2036953,-1.6418593,1.501528,-1.6228158,0.11778072,-1.9130213,2.4350424,-0.836047,-0.5721747,-2.5044496,0.08986088,-1.2209046,0.6243556,-0.08843092,0.63944995,0.7213311,0.17123163,2.3996665,-0.613133,-0.099522084,0.4588713,1.3389347,0.95211864,-1.1985148,-0.5207175,-0.3634855,1.9633843,0.38429126,1.2733872,-0.6682179
-1.0675005,-0.20768543,0.057018377,0.77060467,-0.1529423,0.10139853,-0.0964239,-0.13412404,0.72164583,0.051727436,-0.40214628,1.7055224,-1.9976217,-0.20374794,2.9169643,-0.8421925,-0.12946963,-0.1523742,-0.8988417,1.2835484,-0.505903,-1.8176013,1.211417,-1.4806739,-2.1262174,-0.0133559145,-0.32141235,0.8280424,0.28197217,1.2703869,2.2394898,0.27126178,-1.6726097,1.6504432,0.2186726,-0.9630131,0.046932433,0.27520463,-1.0207146,-1.1960617,-0.82327664,1.0405297,-1.3901916,-0.5030709,-3.3096645,1.5975492,-0.028906008,1.4206313
-0.4067067,0.26626295,-4.5735636,1.921873,0.89670587,-0.099474356,-1.151455,-1.1673418,0.040117335,0.0027202887,2.69553,0.086646535,-0.0025859713,1.4621153,-0.029551271,-0.08199249,1.1583397,1.0243144,-0.88611084,0.03466334,0.009645015,0.006484317,0.33332166,0.38216326,-1.5713712,2.2415025,1.4312148,0.42926255,-0.69868886,0.25232884,-1.7129413,1.5044378,-0.027296012,0.56952184,-2.513487,-0.24694388,0.06814693,-1.1262385,-1.7227155,0.16054164,1.8362724,-0.54494566,-0.34423786,0.55633825,-0.11758685,-0.0576621,-0.9739905,0.76007605
0.18359558,-0.8978512,-0.21547629,-0.2708623,0.38018882,0.09972466,0.038896102,0.019330012,-0.79591346,-0.030408304,-0.10542701,-1.2205924,-1.3151699,-0.16047496,-0.09141659,0.7658975,-0.25383776,-0.57304996,-0.2476118,-1.1447991,1.4397264,2.2021904,0.17616478,1.9651042,2.4340405,-1.741803,1.8770069,0.04695695,0.62808424,-0.9904307,-0.54332656,0.2761434,-1.7316746,-0.5143406,0.6698996,0.1311235,0.23257422,-0.5675695,-0.09705314,-1.5998852,-1.074063,-1.389254,0.7988652,0.30182868,-1.471197,-0.22159864,-1.3028187,0.8709107
-0.08768071,0.69661236,0.2108458,0.631697,1.4602073,0.2851883,-0.09131263,-0.08933562,-0.43602902,1.0075655,0.30716896,0.5600475,-1.6375412,0.3687825,1.5329938,-1.0221968,0.52622443,2.1469865,0.41945642,-1.1951971,0.1199776,-0.24213648,-0.39138734,-1.2929858,-0.30435422,0.42939427,-0.1143774,0.25844365,-1.0268345,-0.5715942,-0.15009044,-0.01227478,1.0761245,-0.42662424,0.71045285,0.6958302,0.1812871,-0.26678196,1.453558,1.934425,0.44601777,1.2347366,-0.68646914,0.3724642,0.104997896,-0.8737183,0.16764092,-2.0870028
-0.44544202,0.3364555,-0.19796984,-0.048699167,-0.06379721,0.10887955,0.11649045,0.106758446,-0.8682129,-0.64577264,1.1370682,-0.117791116,-0.09871011,0.04202181,0.92802966,1.0837184,-0.28001356,-0.021662556,0.10593049,-0.3960082,-0.07389497,1.0893978,0.315868,0.19400308,0.59504575,-0.026762102,-0.21672411,-0.07634001,-0.051267263,-0.20487298,-0.3545353,0.06730418,-0.0661126,-1.0174637,0.08847677,-0.07702099,0.009016285,0.42187086,-0.07448291,-0.0846415,-0.3111026,-0.3130984,-0.0710375,-0.2605383,0.07859539,-0.08934893,-0.00032041018,-0.103856586
0.47219595,0.5256541,-0.5604451,-0.3428305,0.1765118,0.09575638,-0.047458056,-0.60346925,0.10289783,0.044951525,0.7266835,0.09656413,-0.036495447,-1.0788968,0.034550037,-0.050071035,-0.36886352,1.4777625,-1.0695816,0.131887,0.03761245,0.061979532,0.1492354,0.20451775,0.13202807,-0.87335926,-0.37260053,-0.3410058,-0.7701241,0.010791618,0.65278566,-0.2198947,-0.21935733,-0.015166807,0.54790926,0.6786508,-0.48110226,-0.23640236,0.553491,-0.08225158,0.09058729,-0.07520991,0.62175566,0.03562182,0.13897528,-0.1066101,-0.9071286,-0.44669116
-0.5492658,0.07947445,0.23828413,0.1815701,0.2179367,-0.10810039,-0.11812761,-0.11035307,-0.114153646,-0.096841656,-0.22409973,0.16791077,0.1137549,0.0732037,-0.7753488,0.009535617,0.1885731,0.059450552,-0.22972895,1.3010018,-0.17575367,0.1123611,-0.2708088,0.111352526,-0.08337729,0.019446984,0.24126135,0.21462524,-0.1602247,0.1973623,-0.092348225,0.14726816,-0.006899396,-0.10503113,-0.046421204,0.094091736,0.09619744,0.2359409,-0.41074964,-1.4502622,0.02107166,0.18896443,-0.43609872,0.015838288,0.361057,0.104890235,0.6623816,0.92008585
-0.007706342,0.72416925,0.33757454,-0.71483237,-0.07059441,0.08716753,0.099215046,-0.6611176,-0.247353,-1.1044495,0.7466739,-0.3171575,0.13238396,1.3530402,0.17043264,-0.09715516,-0.23678342,-3.5586445,-1.478048,0.21453907,0.26914895,0.8022781,-0.31718722,0.4399805,0.64579904,0.620858,-0.9444505,-0.55138373,0.58587885,-1.634107,-0.71515244,1.0276033,-0.44638717,-2.1392891,1.3893981,-0.17245664,-0.17803697,1.2136817,-0.6652648,-2.255848,-0.583001,-0.32188982,-0.78615963,0.7417548,-0.63674366,-1.4677941,0.35600817,0.4460769
-0.6038836,-0.7913217,0.07304473,-0.026131669,-0.23529817,-0.17186673,-0.11248023,-0.101888776,-0.30567715,-0.26190314,-0.03519485,0.08651957,0.08678111,-0.004634135,2.3306496,-0.68752104,-0.018212192,0.5455316,-0.10400437,-0.64850044,0.021392526,-0.18512326,-0.0890713,-0.21766602,0.09020282,0.24609347,-0.10573557,0.57327515,-0.68640995,-0.19129758,0.41730952,-0.093206264,0.24908961,0.33460957,-0.17470054,0.087791115,0.051276784,-1.2539896,-0.09938317,-0.12421527,-0.38880372,0.60054237,0.11579722,0.45719954,0.1676616,-0.068637006,-0.10986155,0.07151747
0.2203646,-0.4182027,0.24574995,2.4550724,1.3838643,-0.101109274,0.9074767,-0.48482198,-0.39635742,0.50413847,1.4971939,-0.10075104,-0.90699166,-1.1633999,-0.11226474,-0.35640198,1.0876905,0.6899861,-2.193741,0.57931834,-1.3357768,0.3629009,-0.66526705,-0.26342753,0.06866375,2.5305789,2.797278,-0.07094881,-1.8272084,2.005292,-0.7812384,1.4245871,-0.62536687,2.8805938,0.11425776,-0.19909577,-1.1177422,-1.3725514,-0.3963186,2.1557937,1.6098318,0.63353425,-1.5520836,1.1357082,0.12320834,-0.7236616,-2.4939651,-2.1903467
0.93690556,0.2274826,3.9759984,3.0820901,-1.7555357,-0.118336186,-0.8093486,-2.345372,-0.22277924,-0.32225287,-1.6338345,0.7711498,0.07950434,-1.3908788,-0.28688425,0.08376363,1.5247966,-0.032861892,2.5745397,0.09067096,-0.59410876,0.14825442,0.2701325,-0.57814366,2.361833,2.4130387,-1.9552063,-0.4375574,-0.45679212,1.083538,1.1238123,0.11277044,-0.19560328,-3.2960038,1.1538054,3.4127662,-3.4072125,1.2876287,1.774872,-0.9857077,-2.2682278,0.36746427,-0.774693,0.11537266,-0.11015206,-0.5765356,-3.3936472,-3.525017
-0.29752615,-0.3807742,-2.9719772,0.027324444,-0.55480516,-0.14856069,0.012254578,-0.075429946,1.5411049,1.8180596,2.986728,0.8890656,0.11742606,0.005749331,1.2592075,-2.3979275,-0.10260097,1.4160708,-2.1763434,-0.28052202,-0.92702293,-1.9757049,0.12618046,-0.067384236,-0.96515256,0.5486678,1.6112044,-0.101225056,3.2099886,0.7805892,-0.6428758,0.06548769,0.9345496,3.1587834,1.2900535,-0.40532485,0.25910288,-0.70486796,-1.7378628,1.0448849,-0.14583082,1.2007483,-0.14609429,-1.430821,-0.58044225,0.8621917,0.32025218,-0.99246234
1.0092946,-0.88737637,1.4424365,1.2731203,2.0714772,0.092209935,-0.7037754,-2.221062,0.101869576,0.7647013,-2.0700104,0.108582415,-0.021112699,3.268357,-0.16828285,-0.10063695,1.4390087,2.9173756,-0.6494654,-0.02259302,0.00716559,-0.07757709,-1.1203716,1.4145567,2.1942604,-2.1432242,-0.7779198,-1.0633284,-0.40575048,2.9666057,2.277081,0.77655226,-0.13293743,-0.07850393,1.0586767,1.0183855,1.2661449,0.25344163,1.3842192,0.0012847638,-0.5439226,1.585086,-1.4977787,0.1771317,0.03287936,0.90579635,-3.0120888,-2.1114154
0.6038665,0.086259276,0.20291156,-1.5488435,-0.18485051,0.10372677,0.22630349,0.035535768,0.041174747,-0.29391202,-0.21213521,-0.09687985,-0.16468196,0.64335465,-0.08521304,0.010266225,0.102409884,-0.16684745,0.1142558,0.011242622,0.3405679,0.17194784,0.7158955,-0.28753254,-0.23102964,-0.081465386,-0.066321686,-0.147609,0.006861605,-0.265153,-0.5330281,-0.44554013,-0.25479028,-0.15708238,0.05612389,0.07954257,-0.07472954,-0.49646097,0.062730975,0.021691682,-0.2888156,-0.19355027,-0.1943139,0.050356906,-0.06507049,-0.46032348,0.0662673,-0.16688961
0.060649704,-0.66150874,-1.8981509,2.6501832,3.2507865,-0.36553657,-0.09823541,-0.037967123,-0.07216972,0.5945183,-1.1414287,2.2668529,-1.7273719,0.12296653,-1.2608223,-0.37456733,3.634416,1.4341351,-1.8665016,-0.65125805,0.9309783,-1.9961647,0.19369866,-1.0245726,0.16400895,2.012324,1.4845743,-1.0204052,2.8044622,0.38353187,0.79125583,-1.5391086,2.6484933,0.39424887,-0.7568085,0.866935,1.2267072,-0.3887852,0.46789992,-0.29002863,-1.0251392,3.3649828,-2.214805,-3.172658,1.0527356,0.52338725,0.078472145,0.9209554
0.9448062,0.31218734,-1.9143659,2.1198056,-3.5127358,-0.3383622,0.10048269,0.102473415,0.0412815,-0.741173,1.7572862,0.12384297,-1.8622267,-0.03938926,2.0674782,0.69842994,1.169855,-0.03953251,-0.3589552,-0.671421,-0.40424436,0.27859464,-0.64724565,2.1229575,2.1646974,-0.2038009,-1.95574,-0.49594936,-0.5450136,0.96630514,0.5771837,-0.119904995,-1.1612713,-0.6596873,0.06813091,0.25528583,-0.5522147,0.5521841,1.0469279,-0.43066466,0.64983386,1.2057384,-1.2183338,0.6645163,1.0707499,0.8575783,-0.08618375,-1.4035254
0.5104882,-0.59040743,0.8241966,0.049580913,1.1263671,0.06362376,0.51418686,0.09699238,1.1580307,0.017421259,-2.336062,1.0029073,0.7941665,-1.6198807,-1.0470585,1.637819,-1.5125719,0.55490845,2.8742921,-1.5805459,-0.13633123,0.6768999,0.20775817,-1.7263807,2.2927794,-1.0675704,-2.355457,0.4144118,0.13475768,1.1231207,1.1183128,0.19225977,0.7988071,-0.06430811,-2.2102354,0.9043999,1.1259357,0.7257775,1.1407279,0.5195637,1.2933178,-0.29292047,1.2135091,-1.2182711,2.3443654,-0.42347646,2.8979433,-0.8508854
-0.3297004,0.23094603,-1.1397675,0.96562576,-1.178653,-0.108460836,-0.013835525,0.0966313,-0.1768469,-0.2939004,-0.76873535,-3.5660472,-0.19160426,-0.17325866,-0.08033832,-1.2152303,-0.12923573,1.663261,-1.6861095,-0.21499136,-1.2353914,1.3907155,-0.1780645,0.7243172,0.38545442,0.12161896,-0.3903002,-0.21685459,0.93059534,2.1533854,0.8326261,-0.91058517,0.051456854,0.4242226,0.24755557,1.1532578,0.7005685,-0.1701368,0.68157405,-0.9147045,-0.6171383,-1.5764326,-0.4472882,-1.858142,-0.4487055,1.3053235,0.02717667,-0.73280513
-0.33644068,0.3228279,-0.32142115,-3.2180457,-0.9960676,-0.6342998,0.09882709,0.091948174,-1.1852344,-1.0378357,-0.04685214,-1.6957815,1.6455919,-0.16256647,-2.665424,2.373163,-0.7244955,1.2725123,0.11411587,-0.040431093,-0.5345692,1.4908494,0.02206451,-0.4417875,1.321308,0.41639176,1.2461189,0.07140469,0.43694478,-1.2732306,1.666286,-0.055402815,-1.0486027,0.7757761,0.095579095,-1.5845748,-0.948205,0.036530808,0.21364285,-2.4585612,-0.05143764,0.29383314,1.1607047,1.0575202,1.1968873,0.6304608,-0.09268983,0.94901997
-0.83903724,-1.0265039,-1.395434,-1.8724147,-2.686548,1.9287544,1.9667978,1.2575865,-1.3621132,-0.55733114,2.3126323,0.24425063,-0.24023823,0.7100688,3.3147237,-1.1057527,-2.1631353,0.69417477,-2.8384945,2.6155162,-1.2184674,-0.44003323,-1.6607193,-1.2927083,1.4302256,2.0558658,-0.33528912,0.45734203,-1.193989,-0.5533334,-0.19314733,-0.29614863,0.70790166,1.0054352,2.1590314,-2.9723778,0.17797963,0.37486517,1.1681054,1.3194925,0.083793305,-2.7518477,-1.5430794,-1.1141015,2.012628,-1.1613797,0.011749125,-2.475607
-1.6935573,0.10105075,0.47201476,-2.794101,-1.1100631,-0.37527865,0.6794842,1.0472949,-0.6240717,-0.86706436,0.07016316,-0.38748467,1.6579292,0.62273043,3.0411098,0.5735079,-2.2442765,-0.7843795,2.3499362,1.5562435,-1.9266461,3.2126772,0.8759722,0.15019822,-1.1498361,1.6366035,0.67195976,-0.24757786,-0.9048017,-0.27322367,1.5777586,-0.50015575,-1.1991282,0.7375616,-0.110293284,0.09646929,-0.5965575,-1.1578716,-0.4732144,-1.5722083,0.86005455,-1.2191964,0.6023579,2.0232842,0.7904176,1.4790399,0.9904842,-1.6817242
-1.3204432,-1.0459133,2.5137322,-1.9431866,0.11311692,-0.10544269,-0.0855229,2.2816818,-0.09157964,0.15012276,-2.1536355,0.01627278,0.09985048,1.4522374,0.026334435,0.01896708,0.10321556,2.5263686,2.493157,-0.0048737316,-0.22935511,0.09985919,0.15566823,-0.38644788,2.0138953,0.45755717,-0.75584334,-0.09241014,1.9136443,-0.47034565,1.9458282,0.15906887,0.036992785,1.9731978,-0.14882341,-0.25666615,0.8360763,-1.35099,1.3322868,0.04826708,1.6484505,-1.2705075,0.7238203,0.8511018,-0.008199956,2.109643,-0.2182722,0.89441687
0.65684795,-1.796604,-1.8464042,3.435793,1.7097903,0.06524571,-0.058771502,0.10158803,0.5389561,0.9109276,-2.586818,-2.4520824,-0.5528197,0.09886055,-2.1338708,0.8405096,-0.60503715,-0.58239734,2.1317053,2.2863803,-1.0032295,-2.1537168,-0.02035348,0.6485524,2.0929208,-3.3000774,2.9985757,2.6306088,0.35428676,0.6690458,-0.12525813,0.8351168,-1.9053978,1.7244728,-1.1164119,0.38663772,-1.0262753,0.09819807,0.40176603,-1.6459699,-1.5286112,1.2457402,-1.6193255,1.1431559,0.9917577,1.8354317,-0.034457754,-0.24641643
-1.4462705,-1.2559067,-0.13078997,-0.54580724,0.80374485,-0.13023412,1.0032448,0.0041798325,-0.08306684,-0.028514598,0.10115071,-0.00087720423,-0.008099971,-1.3508273,0.33512977,-0.02945232,0.487194,0.8098776,1.2661986,0.09000839,-0.041314177,0.010256831,-0.7942455,-0.14441617,-0.25674552,-0.350511,2.6448865,2.2747946,1.2230296,0.59697026,0.12048146,-1.8613577,-0.11486723,1.2933269,-0.40046424,-1.6559892,-1.2094351,-0.52887094,-0.44641814,-0.26896265,1.7169929,-2.5401618,-0.4094245,-1.3377576,-0.2773163,0.5459875,-1.0906605,0.3562618
2.4074948,0.5872997,0.17050743,1.5917888,1.6578717,0.11609096,-1.9948262,-2.0866356,0.088859916,0.07868507,1.8902963,0.095222004,1.5064478,0.42991638,0.10863957,0.09721489,-0.5710395,-0.24545942,2.461825,0.11967028,1.7385381,-0.14890075,0.9546564,-0.41331422,0.47843707,0.4487414,1.37839,-0.7964721,-1.891664,-0.58443767,0.7411731,2.6435535,-0.060715258,1.1447992,0.6472383,-0.2809062,-1.144266,-0.80215555,1.6216202,1.4506828,-1.9036281,-0.7177042,-0.09024668,-1.2003151,0.086952135,0.74306995,-2.1747491,1.0658115
0.20124535,0.15542984,-2.796622,-0.19964097,0.06714225,0.89945954,-0.08988203,-0.12442066,-0.8817513,2.2337508,1.27188,0.561801,0.55779964,-0.30012372,1.5289892,0.94557,0.55113196,-1.0289116,0.7604364,0.7778336,1.0061892,-1.7521716,0.22566663,-2.01132,-1.3995862,-1.3221855,-2.668165,-0.4811142,-1.4599009,-1.9286507,-1.0055298,2.248279,0.69539136,-0.27150843,0.60601985,0.59701204,-0.47278348,2.0742686,-0.62820566,0.053554412,1.0912925,-0.92886615,0.22833964,-1.065374,-1.8973849,0.040598,-0.00013781889,-1.247489
-0.55084926,-0.44694254,0.25494534,-0.17479412,0.34266925,-0.050389078,-0.10495791,-0.10120026,0.15873379,0.14078423,-0.049915466,0.12577538,-0.010233361,1.3683565,1.3878211,-0.50737005,0.78674036,0.088561945,-0.31282398,0.09011276,0.093191035,-0.3237591,-0.107393004,0.08494516,-0.106287345,0.26681674,0.46072683,0.15680356,0.06449782,0.2606438,-0.060606107,-0.09162954,0.06486763,-0.15802489,0.13383457,0.0663798,0.28433222,0.3705512,0.019215472,0.100598514,0.3264148,0.543154,0.39057148,0.2523314,-0.13973193,-0.03604973,-0.095273994,0.48128805
3.0405352,2.260992,-1.2860788,2.1929953,2.3081555,0.12496658,0.9680799,1.4752239,0.19892299,0.27170116,0.8060801,-0.08573693,-0.09802084,-2.199989,0.24296455,-0.08790088,3.3896496,-1.2889507,-3.2861807,0.23337054,-0.051330276,0.03940547,0.7146292,-2.0881507,-1.7769665,-0.85489696,-0.32747832,-1.8440369,0.92794186,0.22347432,0.021547783,-2.824223,0.09432384,2.7425451,-2.4385712,-2.9812753,-0.013792204,0.9390887,-0.32514563,0.12006449,-2.4462335,-1.2977984,1.1532495,-1.2841214,-0.81113195,-0.11374407,0.87618166,0.36902946
0.60261756,-0.079164505,0.6606705,-0.11757181,0.01809812,0.094645046,-0.14178717,-0.09974708,0.21281093,0.5428003,-0.06242012,0.015936516,0.075148016,0.9011186,-0.09108437,0.11600745,0.1795556,-2.01029,0.028644796,-0.0068488065,0.039518233,-0.12261349,-0.8643801,-0.04135961,-0.34927666,0.12843096,-0.012070505,-0.040632326,0.50050426,-0.029482815,-0.018640416,0.17633648,-0.10186659,-0.07573032,0.058357354,0.10445563,0.21397609,-0.23830238,0.21500725,0.035152752,-0.170698,-0.29148692,-0.08995086,0.005326863,-0.31166497,-0.20985474,1.2340174,-0.18133754
-0.24145949,0.07017905,-0.78059536,1.2908163,1.6061333,0.15804872,0.10934267,0.10140108,1.5596647,2.5710535,-0.6481892,0.42858338,-1.6901743,-0.09470078,1.5517064,-0.07444112,0.5106378,-2.0084634,-0.5801544,0.7802218,-0.74668574,0.62954557,-1.0286648,0.5417098,-2.1020586,3.9029598,-1.3068794,-0.4492251,-0.9564634,-1.1120385,-1.4805874,2.548788,-1.6999624,-1.4198786,-0.69872427,-0.49806783,-0.6504087,0.39715034,1.4498603,-2.0365586,1.3032894,-1.2799516,-0.6538943,-1.3488078,-0.873081,-1.2583604,-0.0060292482,1.5769379
2.1570961,-0.5132385,-1.8209981,1.7681209,-1.4493606,-0.56064403,0.10975674,0.090270445,-0.71080333,-0.7043014,-0.59885335,-1.7517396,1.3412746,-0.0013673526,-2.2837877,3.2907145,0.892494,-0.12402499,2.370348,2.545189,-1.5353074,0.48075202,1.3123147,-0.37100452,-1.7717065,-2.7592263,0.56434363,1.3586195,-0.76972127,1.3216627,1.5565906,-3.387349,0.6140378,0.5832462,-1.5325276,-1.0079669,0.95065403,-0.61055154,-1.5390158,-0.07249367,0.42606503,0.253059,-0.28334782,-2.0956905,-2.0090897,1.0535184,-0.07462654,-0.65481085
-0.485187,-1.291243,1.0096482,-0.3261807,0.68337196,-0.0970505,-0.0469222,-0.0072376514,0.13901272,0.2719285,-1.2779346,3.111485,2.0066295,-0.06120483,-0.4281905,0.94781137,-0.8419586,2.1267476,1.0606023,-2.0337346,0.37139273,-3.2356856,-0.5518857,0.62395126,1.1346183,0.06927748,1.7551668,-1.9201754,0.8970638,2.3333845,-0.077255145,-1.3167759,1.9320213,0.86379045,0.7989093,1.0345085,-0.46601355,0.89087886,0.89055043,-0.7615,1.0969135,0.98054564,-0.6268002,-0.8948313,0.14593151,0.17102404,-0.2996891,0.6610513
-0.15514693,-3.1164765,-1.6606547,1.4406217,1.4240135,0.50868136,-0.045550823,-0.102105565,0.6241095,1.084759,-2.1201894,0.4201541,2.2532132,0.027009873,-2.2490244,2.3455422,1.2796485,1.5945604,2.3345582,-1.2298279,0.047054447,3.1404321,0.9762706,-2.4016259,-0.58310294,2.188394,3.8206358,0.16015063,2.1674829,1.4409902,1.6694336,-2.6084323,2.2664967,0.8406253,1.2042006,2.2798464,-1.3527402,-0.80073166,2.8775108,1.4320861,-1.498047,0.72360617,3.192775,-2.1880774,2.4877632,1.2101939,-0.11482212,2.421675
-0.5244702,-0.020475192,-2.3722928,-2.802981,0.49964014,0.98992133,0.1017308,0.107816465,1.0034541,0.09300414,-2.816804,-2.1087356,1.2698047,0.0054872218,-4.1796436,2.113135,0.27476248,-0.14170939,-1.3299811,-0.958544,0.11908574,0.89911485,-0.019978471,-0.97898865,-2.4617424,0.14877577,-0.49913874,0.28911385,0.43201274,0.57465076,-0.43842036,0.87701726,-1.3566847,-2.0105355,0.72311664,-1.3700664,-0.17079131,-0.1407763,2.1554916,2.341836,1.161405,-2.4427893,-0.5787174,-0.07807803,0.7437376,0.27880317,0.08883692,0.31445283
-0.06540197,-0.368157,1.7027665,-0.6478939,-1.0146415,0.109300144,3.071143,3.251456,0.07759664,-0.0014115939,-0.44105402,0.09259249,0.0054872097,2.0831978,0.04440039,-0.0013368847,1.7282696,0.39442703,-0.43983218,0.013681265,0.010102033,0.0017989394,0.16707441,-0.2981068,-1.0225911,-2.322971,1.0489478,0.9083654,2.5367916,0.0746954,-0.08881692,-0.10643485,0.010540752,-0.031235132,0.88744605,-0.92727065,-0.09962976,-0.8746031,0.35870984,-0.0066878265,-0.18567808,0.80979055,0.120551616,0.9807514,0.10543658,-0.044194248,3.0614238,-1.8568257
-0.74313474,0.0443508,-0.61438,1.6822479,4.5653644,-0.6058693,-0.11049403,-0.10650996,0.52404547,2.0883644,1.6429545,2.905756,2.8665164,0.58510935,1.4305533,0.58458626,0.5097813,1.8893436,1.3470098,0.715113,2.4044752,-0.18583538,-0.89875287,-3.8957868,-0.10579619,2.0071676,2.6036239,-0.58918345,0.8065596,-2.2013497,-2.0877602,-0.9710986,-1.4571831,2.359234,-0.5238555,2.2842228,-0.49092704,0.10048747,0.81552666,2.8415608,0.64462584,0.56120634,-1.1122266,-2.8281434,1.694992,-0.48064694,0.274263,-1.7823339
2.2205462,-1.1074631,1.26872,0.62193185,-0.8814529,-0.09629009,-1.063765,-0.08909402,-0.13845979,-0.28462896,-1.558907,-0.14236982,0.016753716,-0.7871387,-1.7952302,0.9026038,-0.4886037,0.050197985,2.6800222,0.19416495,-0.6566148,-2.3499968,0.30819318,0.63482106,0.54044807,-0.7401056,0.001746397,2.0729752,-0.09050844,-1.3848066,1.3111819,0.8663143,0.10007981,0.011838916,-0.7919099,0.5090896,0.16567817,-2.0775304,1.1827973,-0.22808063,-0.6020549,-0.49245322,-0.11706201,-0.5477817,-0.012126402,0.58930826,-2.0746992,-1.7155448
-0.14851171,0.56135267,-0.040112834,2.493237,0.5880183,-1.1880528,0.121164985,0.108715326,-1.7458848,-0.9524589,0.4339812,-2.0132267,1.1260226,-0.15512733,1.7896018,-0.120116256,0.12202062,-0.9212964,4.0323215,-1.2148728,-1.6065545,2.5338855,0.14526919,2.4437706,0.7256415,0.89775413,-0.86520225,1.3203676,-0.6713999,2.344479,-0.55365396,0.72989523,-0.0016044036,-2.0891967,-1.4393759,-0.5749266,-2.262162,-0.71764815,-2.1849403,-2.569947,-1.3027114,-1.5629221,0.88008726,-0.15254533,0.75774187,1.1778419,0.26612794,-1.2150402
-0.2803685,0.06772746,0.05873195,0.1428897,0.06516009,-0.09579321,-0.121174075,-0.104016475,-0.0975635,-0.0025193312,0.2836851,0.027187886,-0.011695908,-1.166143,0.027281905,-0.010364863,-0.6899664,0.05551658,-0.10572598,-0.148189,-0.008311882,0.06695289,0.40642563,-0.20488615,-0.49743134,0.3385482,-0.34779492,-0.22043677,0.27173424,-0.17653863,0.054047618,-0.009083755,0.012619601,-0.18954183,-0.16744733,-0.2120371,0.28361458,-0.15470958,-0.1548906,0.006719739,0.17473775,-0.09193776,0.2964973,-0.05944321,0.05833534,-0.036385555,0.106992096,0.10728249
0.7845851,-0.424031,-0.048952617,-1.4549942,0.68901634,0.25125974,0.571521,0.03412004,0.7039502,-1.3656701,-0.27600348,-1.9580004,1.3429314,0.8104992,-3.9545872,0.09162305,-0.09362118,-0.18289629,0.10944958,0.10353807,0.98503184,1.8044295,0.4459708,-0.02745665,-0.8626087,-0.14627399,-1.9009671,0.50261545,-1.8060148,0.09337969,-0.4408802,-0.68310314,0.21168476,-0.7032957,0.001723383,0.06936145,1.0892974,0.7198836,-0.07161736,-0.18932977,0.34510636,-0.70778435,0.71350086,-0.41043487,-0.4561101,-1.3595967,2.3423576,-0.04025311
-0.7016023,-0.36168277,0.20837879,-0.4116722,2.2201219,0.010773636,-0.033212498,1.5059367,-0.19836026,0.45911416,0.22558925,-0.2231783,-0.15651828,0.5348052,1.8276491,0.62262636,-1.6880397,-1.3921028,-0.17382693,1.5833017,0.7111242,4.4822497,0.26665288,-0.8365656,-1.5617551,1.0362936,0.09326973,0.8892168,-0.7193333,0.5064658,2.0273428,-0.20273457,0.2749934,0.6869744,-2.0563045,-1.0952119,0.90667456,-0.95879257,-3.1150753,-3.3889155,1.2357934,0.23430592,0.43191594,-1.6969303,-1.217301,1.7372453,-0.7460705,-0.007747877
0.7528657,-0.1655977,-0.20657709,-0.9833246,-0.10126274,-0.0233578,0.13369378,0.08597524,-0.09915852,-0.17201264,-1.2245399,-0.069640815,-0.87899506,0.057712518,2.1381714,-0.75419945,-0.9260756,-0.15386754,1.8501968,-2.0450046,-0.059692606,-0.30740225,-0.5945479,0.3826151,0.13057913,-0.1893736,-0.10608526,-1.0593787,-0.40816367,-1.132781,-0.22704984,0.22472242,-0.50378674,0.728305,-0.37128314,0.20622584,0.21529229,0.176884,-0.5660563,0.10577071,0.22417544,-2.1006258,0.032369882,1.1088006,3.04321,-0.13812998,-2.2512403,0.6326679
-0.80357736,0.041984025,0.38711312,-0.742799,0.7823374,-0.20170304,0.03761738,1.1303587,0.17762595,0.0124016935,0.8150333,0.025075164,0.0015036896,1.6691866,0.0014075217,-0.08335452,-1.7355214,0.80668336,1.7875011,0.01313107,-0.026724212,0.10749509,0.15398666,1.2192539,-0.8762322,-1.4885279,-0.5341766,-0.5027566,0.02480055,0.5399368,-0.7384991,-0.5179479,-0.09845098,-0.94676805,2.2792969,-0.50879693,-0.9696891,0.5366652,1.0552999,-0.01216115,1.0727156,-1.1021159,-0.27405232,-1.2218038,-0.08199841,-1.8302274,-1.4596242,-0.8544366
-1.6552104,-0.21292087,0.95636284,-1.7758911,0.3985296,-0.095919125,1.0921282,-0.07976416,-0.08588827,0.75791645,-1.2016243,-0.26492506,-0.1598877,-0.10615563,-0.2348936,0.16951509,-0.96322995,2.227717,0.9272845,0.00029009173,-0.20397627,0.1395172,0.2490964,0.23305862,0.44064915,1.7319405,1.9023509,0.5168736,-0.22177447,-0.37872505,-0.9590213,0.12323227,0.6472949,0.88734436,1.5880694,-2.472529,0.25223854,-0.8405916,-1.3195765,0.49227872,-0.005007074,0.4944361,-1.7104774,0.22702782,0.14269602,2.4099324,1.5866582,0.26783994
-0.0979538,1.6855351,-1.6399819,0.11763645,0.19229844,-0.10697681,-0.62186635,-1.5435143,-0.09039488,0.008878814,-1.4580362,-0.004191975,-0.019506317,-0.5861369,0.010943205,0.046430856,-2.1090913,1.8268577,-0.3060416,-0.010789322,0.011148803,0.003728103,0.50911266,0.3389046,2.484559,0.5918702,-0.88172567,-1.1279999,3.0629826,-0.57427233,-0.19565834,-0.9417365,0.113032356,0.031843226,-1.4101926,-1.3080605,1.0082285,-0.7425295,-1.405462,0.0664181,2.0197952,0.596762,-0.9151562,0.040514763,0.073027715,1.5810423,1.7671638,-0.45945174
-0.22895081,0.6181831,0.026913363,-1.697262,0.20685111,0.057799663,-0.09978752,-0.10669498,-0.021810537,0.3579097,-0.15591565,-0.37403676,0.24331023,-0.019624531,0.54032093,0.2160481,-0.08216524,0.0076612215,-1.0311648,-0.4938598,-0.13422774,0.9183814,0.5914699,0.46679524,0.046641804,0.30230293,-0.44139987,-0.8820374,-0.09903894,-0.40916395,0.15366746,-0.2544022,0.094519675,0.586443,-0.21066652,0.5057896,1.060767,0.37877053,0.8153743,0.2069406,-0.5666832,0.25702667,-0.24694984,-0.70777684,-0.53104866,-0.40908265,-0.09180707,0.8866579
-1.5431966,-0.20213929,-0.35296732,0.9684309,-1.1065419,0.08623965,-0.112826645,-0.009681888,-0.10359708,0.1118806,0.095196046,-0.07736209,0.3619389,0.8849855,-0.090336636,0.2618279,-0.012166276,-0.13395607,1.2732869,0.014984411,-0.5767825,0.8433126,0.19592285,-0.9955797,-1.0238911,0.08143496,1.1300721,-1.0566986,0.81191057,1.1459968,-0.086476415,0.31549597,-1.3272256,1.6976856,1.4588381,0.17110094,0.18812488,0.37571582,0.9876956,1.0613644,1.9497762,-0.36987236,-0.54405874,-1.456653,1.1381252,2.0933223,-1.8558725,0.78220177
